CIK|Ticker|Company|Filing Date|Exchange|SIC|Directory|ISIN|SASB Sector|SASB Idustry
354950|HD|Home Depot Inc|20190328|NYSE|5211|batch_0001/001/HD_0000354950_10K_20190203_Item1A_excerpt.txt|US4370761029|Consumer Goods|Multiline and Specialty Retailers & Distributors
89800|SHW|Sherwin Williams Co|20190222|NYSE|5200|batch_0001/001/SHW_0000089800_10K_20181231_Item1A_excerpt.txt|US8243481061|Resource Transformation|Chemicals
1037868|AME|Ametek Inc|20190221|NYSE|3621|batch_0001/001/AME_0001037868_10K_20181231_Item1A_excerpt.txt|US0311001004|Resource Transformation|Electrical & Electronic Equipment
850209|FL|Foot Locker Inc|20190402|NYSE|5661|batch_0001/001/FL_0000850209_10K_20190202_Item1A_excerpt.txt|US3448491049|Consumer Goods|Apparel, Accessories & Footwear
827054|MCHP|Microchip Technology Inc|20190530|NASDAQ|3674|batch_0001/001/MCHP_0000827054_10K_20190331_Item1A_excerpt.txt|US5950171042|Technology & Communications|Semiconductors
277948|CSX|CSX Corporation|20190206|NYSE|4011|batch_0001/001/CSX_0000277948_10K_20181231_Item1A_excerpt.txt|US1264081035|Transportation|Rail Transportation
100493|TSN|Tyson Foods Inc|20191112|NYSE|2015|batch_0001/001/TSN_0000100493_10K_20190928_Item1A_excerpt.txt|US9024941034|Food & Beverage|Meat, Poultry & Dairy
4962|AXP|American Express Co|20190213|NYSE|6199|batch_0001/001/AXP_0000004962_10K_20181231_Item1A_excerpt.txt|US0258161092|Financials|Consumer Finance
1260221|TDG|Transdigm Group Inc|20191119|NYSE|3728|batch_0001/001/TDG_0001260221_10K_20190930_Item1A_excerpt.txt|US8936411003|Resource Transformation|Aerospace & Defense
899689|VNO|Vornado Realty Trust|20190211|NYSE|6798|batch_0001/001/VNO_0000899689_10K_20181231_Item1A_excerpt.txt|US9290421091|Infrastructure|Real Estate
29989|OMC|Omnicom Group Inc|20190212|NYSE|7311|batch_0001/001/OMC_0000029989_10K_20181231_Item1A_excerpt.txt|US6819191064|Services|Advertising & Marketing
62709|MMC|Marsh & Mclennan Companies Inc|20190221|NYSE|6411|batch_0001/001/MMC_0000062709_10K_20181231_Item1A_excerpt.txt|US5717481023|Services|Professional & Commercial Services
51644|IPG|Interpublic Group Of Companies Inc|20190225|NYSE|7311|batch_0001/001/IPG_0000051644_10K_20181231_Item1A_excerpt.txt|US4606901001|Services|Advertising & Marketing
1050915|PWR|Quanta Services Inc|20190228|NYSE|1731|batch_0001/001/PWR_0001050915_10K_20181231_Item1A_excerpt.txt|US74762E1029|Infrastructure|Engineering & Construction Services
10456|BAX|Baxter International Inc|20190221|NYSE|3841|batch_0001/001/BAX_0000010456_10K_20181231_Item1A_excerpt.txt|US0718131099|Health Care|Medical Equipment & Supplies
354908|FLIR|Flir Systems Inc|20190228|NASDAQ|3812|batch_0001/001/FLIR_0000354908_10K_20181231_Item1A_excerpt.txt|US3024451011|Technology & Communications|Hardware
1281761|RF|Regions Financial Corp|20190222|NYSE|6021|batch_0001/001/RF_0001281761_10K_20181231_Item1A_excerpt.txt|US7591EP1005|Financials|Commercial Banks
100885|UNP|Union Pacific Corp|20190208|NYSE|4011|batch_0001/001/UNP_0000100885_10K_20181231_Item1A_excerpt.txt|US9078181081|Transportation|Rail Transportation
1390777|BK|Bank Of New York Mellon Corp|20190227|NYSE|6022|batch_0001/001/BK_0001390777_10K_20181231_Item1A_excerpt.txt|US0640581007|Financials|Asset Management & Custody Activities
7323|ETR|ENTERGY ARKANSAS, LLC|20190226|None|None|batch_0001/001/ETR_0000007323_10K_20181231_Item1A_excerpt.txt|||
17797|DUK|DUKE ENERGY PROGRESS, LLC.|20190228|None|None|batch_0001/001/DUK_0000017797_10K_20181231_Item1A_excerpt.txt|||
18230|CAT|Caterpillar Inc|20190214|NYSE|3531|batch_0001/001/CAT_0000018230_10K_20181231_Item1A_excerpt.txt|US1491231015|Resource Transformation|Industrial Machinery & Goods
72333|JWN|Nordstrom Inc|20190318|NYSE|5651|batch_0001/001/JWN_0000072333_10K_20190202_Item1A_excerpt.txt|US6556641008|Consumer Goods|Multiline and Specialty Retailers & Distributors
21665|CL|Colgate Palmolive Co|20190221|NYSE|2844|batch_0001/001/CL_0000021665_10K_20181231_Item1A_excerpt.txt|US1941621039|Consumer Goods|Household & Personal Products
1492633|NLSN|Nielsen Holdings NV|20190228|NYSE|7389|batch_0001/001/NLSN_0001492633_10K_20181231_Item1A_excerpt.txt|GB00BWFY5505|Services|Professional & Commercial Services
1341439|ORCL|Oracle Corp|20190621|NYSE|7372|batch_0001/001/ORCL_0001341439_10K_20190531_Item1A_excerpt.txt|US68389X1054|Technology & Communications|Software & IT Services
1120193|NDAQ|Nasdaq Omx Group Inc|20190222|NASDAQ|6200|batch_0001/001/NDAQ_0001120193_10K_20181231_Item1A_excerpt.txt|US6311031081|Financials|Security & Commodity Exchanges
76334|PH|Parker Hannifin Corp|20190823|NYSE|3490|batch_0001/001/PH_0000076334_10K_20190630_Item1A_excerpt.txt|US7010941042|Resource Transformation|Industrial Machinery & Goods
1024478|ROK|Rockwell Automation Inc|20191112|NYSE|3829|batch_0001/001/ROK_0001024478_10K_20190930_Item1A_excerpt.txt|US7739031091|Resource Transformation|Electrical & Electronic Equipment
1048911|FDX|Fedex Corp|20190716|NYSE|4513|batch_0001/001/FDX_0001048911_10K_20190531_Item1A_excerpt.txt|US31428X1063|Transportation|Air Freight & Logistics
313616|DHR|Danaher Corp|20190221|NYSE|3823|batch_0001/001/DHR_0000313616_10K_20181231_Item1A_excerpt.txt|US2358511028|Health Care|Medical Equipment & Supplies
96021|SYY|Sysco Corp|20190826|NYSE|5140|batch_0001/001/SYY_0000096021_10K_20190629_Item1A_excerpt.txt|US8718291078|Food & Beverage|Food Retailers & Distributors
320335|TMK|Torchmark Corp|20190301|NYSE|6311|batch_0001/001/TMK_0000320335_10K_20181231_Item1A_excerpt.txt|US8910271043|Financials|Insurance
743988|XLNX|Xilinx Inc|20190510|NASDAQ|3674|batch_0001/001/XLNX_0000743988_10K_20190330_Item1A_excerpt.txt|US9839191015|Technology & Communications|Semiconductors
813828|CBS|CBS Corp|20190215|NYSE|4833|batch_0001/001/CBS_0000813828_10K_20181231_Item1A_excerpt.txt|US1248571036|Services|Media & Entertainment
859737|HOLX|Hologic Inc|20191127|NASDAQ|3844|batch_0001/001/HOLX_0000859737_10K_20190928_Item1A_excerpt.txt|US4364401012|Health Care|Medical Equipment & Supplies
49826|ITW|Illinois Tool Works Inc|20190215|NYSE|3560|batch_0001/001/ITW_0000049826_10K_20181231_Item1A_excerpt.txt|US4523081093|Resource Transformation|Industrial Machinery & Goods
1140536|WLTW|Willis Group Holdings PLC|20190227|NYSE|6411|batch_0001/001/WLTW_0001140536_10K_20181231_Item1A_excerpt.txt|||
906107|EQR|Equity Residential|20190221|NYSE|6798|batch_0001/001/EQR_0000906107_10K_20181231_Item1A_excerpt.txt|US29476L1070|Infrastructure|Real Estate
31791|PKI|Perkinelmer Inc|20190226|NYSE|3826|batch_0001/001/PKI_0000031791_10K_20181230_Item1A_excerpt.txt|US7140461093|Health Care|Medical Equipment & Supplies
63276|MAT|Mattel Inc|20191112|NASDAQ|3942|batch_0001/001/MAT_0000063276_10KA_20181231_Item1A_excerpt.txt|US5770811025|Consumer Goods|Toys & Sporting Goods
63276|MAT|Mattel Inc|20190222|NASDAQ|3942|batch_0001/001/MAT_0000063276_10K_20181231_Item1A_excerpt.txt|US5770811025|Consumer Goods|Toys & Sporting Goods
886982|GS|Goldman Sachs Group Inc|20190226|NYSE|6211|batch_0001/001/GS_0000886982_10K_20181231_Item1A_excerpt.txt|US38141G1040|Financials|Investment Banking & Brokerage
1393311|PSA|Public Storage|20190227|NYSE|6798|batch_0001/001/PSA_0001393311_10K_20181231_Item1A_excerpt.txt|US74460D1090|Infrastructure|Real Estate
92230|BBT|BB&T Corporation|20190226|NYSE|6021|batch_0001/001/BBT_0000092230_10K_20181231_Item1A_excerpt.txt|US0549371070|Financials|Commercial Banks
35527|FITB|Fifth Third Bancorp|20190301|NASDAQ|6022|batch_0001/001/FITB_0000035527_10K_20181231_Item1A_excerpt.txt|US3167731005|Financials|Commercial Banks
315293|AON|Aon PLC|20190219|NYSE|6411|batch_0001/001/AON_0000315293_10K_20181231_Item1A_excerpt.txt|GB00B5BT0K07|Services|Professional & Commercial Services
217346|TXT|Textron Inc|20190214|NYSE|3720|batch_0001/001/TXT_0000217346_10K_20181229_Item1A_excerpt.txt|US8832031012|Resource Transformation|Aerospace & Defense
1067983|BRK/A|Berkshire Hathaway Inc|20190225||6331|batch_0001/001/BRKB_0001067983_10K_20181231_Item1A_excerpt.txt|US0846701086|Financials|Insurance
815556|FAST|Fastenal Co|20190206|NASDAQ|5200|batch_0001/001/FAST_0000815556_10K_20181231_Item1A_excerpt.txt|US3119001044|Consumer Goods|Multiline and Specialty Retailers & Distributors
63754|MKC|Mccormick & Co Inc|20190125|NYSE|2090|batch_0001/001/MKC_0000063754_10K_20181130_Item1A_excerpt.txt|US5797802064|Food & Beverage|Processed Foods
940944|DRI|Darden Restaurants Inc|20190719|NYSE|5812|batch_0001/001/DRI_0000940944_10K_20190526_Item1A_excerpt.txt|US2371941053|Food & Beverage|Restaurants
1174922|WYNN|Wynn Resorts LTD|20190228|NASDAQ|7011|batch_0001/001/WYNN_0001174922_10K_20181231_Item1A_excerpt.txt|US9831341071|Services|Casinos & Gaming
100517|UAL|United Continental Holdings Inc|20190228|NYSE|4512|batch_0001/001/UAL_0000100517_10K_20181231_Item1A_excerpt.txt|US9100471096|Transportation|Airlines
36270|MTB|M&T Bank Corp|20190220|NYSE|6022|batch_0001/001/MTB_0000036270_10K_20181231_Item1A_excerpt.txt|US55261F1049|Financials|Commercial Banks
1051470|CCI|Crown Castle International Corp|20190225|NYSE|4899|batch_0001/001/CCI_0001051470_10K_20181231_Item1A_excerpt.txt|US22822V1017|Infrastructure|Real Estate
46080|HAS|Hasbro Inc|20190226|NASDAQ|3944|batch_0001/001/HAS_0000046080_10K_20181230_Item1A_excerpt.txt|US4180561072|Consumer Goods|Toys & Sporting Goods
1659166|FTV|Fortive Corp|20190228|None|None|batch_0001/001/FTV_0001659166_10K_20181231_Item1A_excerpt.txt|US34959J1088|Resource Transformation|Electrical & Electronic Equipment
60667|LOW|Lowes Companies Inc|20190402|NYSE|5211|batch_0001/001/LOW_0000060667_10K_20190201_Item1A_excerpt.txt|US5486611073|Consumer Goods|Multiline and Specialty Retailers & Distributors
97476|TXN|Texas Instruments Inc|20190222|NASDAQ|3674|batch_0001/001/TXN_0000097476_10K_20181231_Item1A_excerpt.txt|US8825081040|Technology & Communications|Semiconductors
91882|SCG|South Carolina Electric & Gas Co|20190228|NYSE|4931|batch_0001/001/SCG_0000091882_10K_20181231_Item1A_excerpt.txt|||
823768|WM|Waste Management Inc|20190214|NYSE|4953|batch_0001/001/WM_0000823768_10K_20181231_Item1A_excerpt.txt|US94106L1098|Infrastructure|Waste Management
52988|JEC|Jacobs Engineering Group Inc|20191125|NYSE|1600|batch_0001/001/JEC_0000052988_10K_20190927_Item1A_excerpt.txt|US4698141078|Infrastructure|Engineering & Construction Services
1022344|SPG|SIMON PROPERTY GROUP L P /DE/|20190222|None|None|batch_0001/001/SPG_0001022344_10K_20181231_Item1A_excerpt.txt|US8288061091|Infrastructure|Real Estate
55785|KMB|Kimberly Clark Corp|20190207|NYSE|2670|batch_0001/001/KMB_0000055785_10K_20181231_Item1A_excerpt.txt|US4943681035|Consumer Goods|Household & Personal Products
80424|PG|Procter & Gamble Co|20190806|NYSE|2840|batch_0001/001/PG_0000080424_10K_20190630_Item1A_excerpt.txt|US7427181091|Consumer Goods|Household & Personal Products
200406|JNJ|Johnson & Johnson|20190220|NYSE|2834|batch_0001/001/JNJ_0000200406_10K_20181230_Item1A_excerpt.txt|US4781601046|Health Care|Biotechnology & Pharmaceuticals
4515|AAL|AMERICAN AIRLINES INC|20190225|None|None|batch_0001/001/AAL_0000004515_10K_20181231_Item1A_excerpt.txt|US02376R1023|Transportation|Airlines
920148|LH|Laboratory Corp Of America Holdings|20190228|NYSE|8071|batch_0001/001/LH_0000920148_10K_20181231_Item1A_excerpt.txt|US50540R4092|Health Care|Health Care Delivery
77476|PEP|Pepsico Inc|20190215|NYSE|2080|batch_0001/001/PEP_0000077476_10K_20181229_Item1A_excerpt.txt|US7134481081|Food & Beverage|Non-Alcoholic Beverages
1039101|LLL|L3 TECHNOLOGIES, INC.|20190221|None|None|batch_0001/001/LLL_0001039101_10K_20181231_Item1A_excerpt.txt|||
814453|NWL|Newell Rubbermaid Inc|20190304|NYSE|3089|batch_0001/001/NWL_0000814453_10K_20181231_Item1A_excerpt.txt|US6512291062|Consumer Goods|Household & Personal Products
891024|PDCO|Patterson Companies Inc|20190626|NASDAQ|5047|batch_0001/001/PDCO_0000891024_10K_20190427_Item1A_excerpt.txt|US7033951036|Health Care|Health Care Distributors
879101|KIM|Kimco Realty Corp|20190215|NYSE|6798|batch_0001/001/KIM_0000879101_10K_20181231_Item1A_excerpt.txt|US49446R1095|Infrastructure|Real Estate
1410636|AWK|American Water Works Company Inc|20190219|NYSE|4941|batch_0001/001/AWK_0001410636_10K_20181231_Item1A_excerpt.txt|US0304201033|Infrastructure|Water Utilities & Services
21076|CLX|The Clorox Company|20190814|NYSE|2842|batch_0001/001/CLX_0000021076_10K_20190630_Item1A_excerpt.txt|US1890541097|Consumer Goods|Household & Personal Products
42582|GT|Goodyear Tire & Rubber Co|20190208|NASDAQ|3011|batch_0001/001/GT_0000042582_10K_20181231_Item1A_excerpt.txt|US3825501014|Transportation|Auto Parts
40533|GD|General Dynamics Corporation|20190213|NYSE|3730|batch_0001/001/GD_0000040533_10K_20181231_Item1A_excerpt.txt|US3695501086|Resource Transformation|Aerospace & Defense
1524472|XYL|Xylem Inc|20190222|NYSE|3561|batch_0001/001/XYL_0001524472_10K_20181231_Item1A_excerpt.txt|US98419M1009|Resource Transformation|Industrial Machinery & Goods
20286|CINF|Cincinnati Financial Corp|20190222|NASDAQ|6331|batch_0001/001/CINF_0000020286_10K_20181231_Item1A_excerpt.txt|US1720621010|Financials|Insurance
78239|PVH|PVH Corp|20190329|NYSE|2320|batch_0001/001/PVH_0000078239_10K_20190203_Item1A_excerpt.txt|US6936561009|Consumer Goods|Apparel, Accessories & Footwear
4281|ARNC|Arconic Inc|20190221|NYSE|3350|batch_0001/001/ARNC_0000004281_10K_20181231_Item1A_excerpt.txt|US03965L1008|Extractives & Minerals Processing|Metals & Mining
1567892|MNK|Mallinckrodt PLC|20190226|NYSE|2834|batch_0001/001/MNK_0001567892_10K_20181228_Item1A_excerpt.txt|IE00BBGT3753|Health Care|Biotechnology & Pharmaceuticals
48465|HRL|Hormel Foods Corp|20191206|NYSE|2011|batch_0001/001/HRL_0000048465_10K_20191027_Item1A_excerpt.txt|US4404521001|Food & Beverage|Meat, Poultry & Dairy
1012100|SEE|SEALED AIR CORP/DE|20190219|None|None|batch_0001/001/SEE_0001012100_10K_20181231_Item1A_excerpt.txt|US81211K1007|Resource Transformation|Containers & Packaging
936468|LMT|Lockheed Martin Corp|20190208|NYSE|3760|batch_0001/001/LMT_0000936468_10K_20181231_Item1A_excerpt.txt|US5398301094|Resource Transformation|Aerospace & Defense
1060391|RSG|Republic Services Inc|20190208|NYSE|4953|batch_0001/001/RSG_0001060391_10K_20181231_Item1A_excerpt.txt|US7607591002|Infrastructure|Waste Management
1043604|JNPR|Juniper Networks Inc|20190222|NYSE|3576|batch_0001/001/JNPR_0001043604_10K_20181231_Item1A_excerpt.txt|US48203R1041|Technology & Communications|Hardware
1489393|LYB|Lyondellbasell Industries NV|20190221|NYSE|2860|batch_0001/001/LYB_0001489393_10K_20181231_Item1A_excerpt.txt|NL0009434992|Resource Transformation|Chemicals
773840|HON|Honeywell International Inc|20190208|NYSE|3714|batch_0001/001/HON_0000773840_10K_20181231_Item1A_excerpt.txt|US4385161066|Resource Transformation|Electrical & Electronic Equipment
75488|PCG|Pacific Gas & Electric Co|20190228|NYSE|4931|batch_0001/001/PCG_0000075488_10K_20181231_Item1A_excerpt.txt|US69331C1080|Infrastructure|Electric Utilities & Power Generators
1618921|WBA|Walgreens Boots Alliance, Inc.|20191028|None|None|batch_0001/001/WBA_0001618921_10K_20190831_Item1A_excerpt.txt|US9314271084|Health Care|Drug Retailers
8818|AVY|Avery Dennison Corp|20190227|NYSE|2670|batch_0001/001/AVY_0000008818_10K_20181229_Item1A_excerpt.txt|US0536111091|Resource Transformation|Containers & Packaging
794323|LVLT|Level 3 Communications Inc|20190319|NYSE|4813|batch_0001/001/LVLT_0000794323_10K_20181231_Item1A_excerpt.txt|||
1361658|WYND|Wyndham Destinations Inc|20190226|NYSE|7011|batch_0001/001/WYN_0001361658_10K_20181231_Item1A_excerpt.txt|US98310W1080|Services|Hotels & Lodging
1136869|ZBH|Zimmer Holdings Inc|20190226|NYSE|3842|batch_0001/001/ZBH_0001136869_10K_20181231_Item1A_excerpt.txt|US98956P1021|Health Care|Medical Equipment & Supplies
27904|DAL|Delta Air Lines Inc|20190215|NYSE|4512|batch_0001/001/DAL_0000027904_10K_20181231_Item1A_excerpt.txt|US2473617023|Transportation|Airlines
313927|CHD|Church & Dwight Co Inc|20190221|NYSE|2840|batch_0001/001/CHD_0000313927_10K_20181231_Item1A_excerpt.txt|US1713401024|Consumer Goods|Household & Personal Products
1623613|MYL|Mylan N.V.|20190227|None|None|batch_0001/001/MYL_0001623613_10K_20181231_Item1A_excerpt.txt|NL0011031208|Health Care|Biotechnology & Pharmaceuticals
899051|ALL|Allstate Corp|20190215|NYSE|6331|batch_0001/001/ALL_0000899051_10K_20181231_Item1A_excerpt.txt|US0200021014|Financials|Insurance
858877|CSCO|Cisco Systems Inc|20190905|NASDAQ|3576|batch_0001/001/CSCO_0000858877_10K_20190727_Item1A_excerpt.txt|US17275R1023|Technology & Communications|Hardware
6951|AMAT|Applied Materials Inc|20191213|NASDAQ|3674|batch_0001/001/AMAT_0000006951_10K_20191027_Item1A_excerpt.txt|US0382221051|Technology & Communications|Semiconductors
18654|AEE|Ameren Corporation|20190226||4931|batch_0001/001/AEE_0000018654_10K_20181231_Item1A_excerpt.txt|US0236081024|Infrastructure|Electric Utilities & Power Generators
56873|KR|Kroger Co|20190402|NYSE|5411|batch_0001/001/KR_0000056873_10K_20190202_Item1A_excerpt.txt|US5010441013|Food & Beverage|Food Retailers & Distributors
77360|PNR|Pentair LTD|20190219|NYSE|3550|batch_0001/001/PNR_0000077360_10K_20181231_Item1A_excerpt.txt|AU000000PNR8|Extractives & Minerals Processing|Metals & Mining
1466258|IR|Ingersoll-rand PLC|20190212|NYSE|3822|batch_0001/001/IR_0001466258_10K_20181231_Item1A_excerpt.txt|IE00B6330302|Resource Transformation|Electrical & Electronic Equipment
310158|MRK|Merck & Co Inc|20190227|NYSE|2834|batch_0001/001/MRK_0000310158_10K_20181231_Item1A_excerpt.txt|||
1359841|HBI|Hanesbrands Inc|20190211|NYSE|5600|batch_0001/001/HBI_0001359841_10K_20181229_Item1A_excerpt.txt|US4103451021|Consumer Goods|Apparel, Accessories & Footwear
350698|AN|Autonation Inc|20190222|NYSE|5500|batch_0001/001/AN_0000350698_10K_20181231_Item1A_excerpt.txt|US05329W1027|Consumer Goods|Multiline and Specialty Retailers & Distributors
79879|PPG|PPG Industries Inc|20190221|NYSE|2851|batch_0001/001/PPG_0000079879_10K_20181231_Item1A_excerpt.txt|US6935061076|Resource Transformation|Chemicals
68505|MSI|Motorola Solutions Inc|20190215|NYSE|3663|batch_0001/001/MSI_0000068505_10K_20181231_Item1A_excerpt.txt|US6200763075|Technology & Communications|Hardware
723254|CTAS|Cintas Corp|20190726|NASDAQ|2320|batch_0001/001/CTAS_0000723254_10K_20190531_Item1A_excerpt.txt|US1729081059|Consumer Goods|Apparel, Accessories & Footwear
1103982|MDLZ|Mondelez International Inc|20190208|NASDAQ|2000|batch_0001/001/MDLZ_0001103982_10K_20181231_Item1A_excerpt.txt|US6092071058|Food & Beverage|Processed Foods
12659|HRB|H&R Block Inc|20190614|NYSE|7200|batch_0001/001/HRB_0000012659_10K_20190430_Item1A_excerpt.txt|US0936711052|Services|Professional & Commercial Services
86312|TRV|Travelers Companies Inc|20190214|NYSE|6331|batch_0001/001/TRV_0000086312_10K_20181231_Item1A_excerpt.txt|US89417E1091|Financials|Insurance
78003|PFE|Pfizer Inc|20190228|NYSE|2834|batch_0001/001/PFE_0000078003_10K_20181231_Item1A_excerpt.txt|US7170811035|Health Care|Biotechnology & Pharmaceuticals
104169|WMT|Wal Mart Stores Inc|20190328|NYSE|5331|batch_0001/001/WMT_0000104169_10K_20190131_Item1A_excerpt.txt|US9311421039|Consumer Goods|Multiline and Specialty Retailers & Distributors
1144215|AYI|Acuity Brands Inc|20191029|NYSE|3640|batch_0001/001/AYI_0001144215_10K_20190831_Item1A_excerpt.txt|US00508Y1029|Resource Transformation|Electrical & Electronic Equipment
66740|MMM|3M Co|20190207|NYSE|3841|batch_0001/002/MMM_0000066740_10K_20181231_Item1A_excerpt.txt|||
1551182|ETN|Eaton Corp PLC|20190227|NYSE|3590|batch_0001/002/ETN_0001551182_10K_20181231_Item1A_excerpt.txt|IE00B8KQN827|Resource Transformation|Electrical & Electronic Equipment
1158449|AAP|Advance Auto Parts Inc|20190219|NYSE|5531|batch_0001/002/AAP_0001158449_10K_20181229_Item1A_excerpt.txt|US00751Y1064|Consumer Goods|Multiline and Specialty Retailers & Distributors
1022079|DGX|Quest Diagnostics Inc|20190221|NYSE|8071|batch_0001/002/DGX_0001022079_10K_20181231_Item1A_excerpt.txt|US74834L1008|Health Care|Health Care Delivery
915389|EMN|Eastman Chemical Co|20190227|NYSE|2821|batch_0001/002/EMN_0000915389_10K_20181231_Item1A_excerpt.txt|US2774321002|Resource Transformation|Chemicals
5272|AIG|American International Group Inc|20190215|NYSE|6331|batch_0001/002/AIG_0000005272_10K_20181231_Item1A_excerpt.txt|US0268747849|Financials|Insurance
59558|LNC|Lincoln National Corp|20190220|NYSE|6311|batch_0001/002/LNC_0000059558_10K_20181231_Item1A_excerpt.txt|US5341871094|Financials|Insurance
40987|GPC|Genuine Parts Co|20190225|NYSE|5013|batch_0001/002/GPC_0000040987_10K_20181231_Item1A_excerpt.txt|US3724601055|Consumer Goods|Multiline and Specialty Retailers & Distributors
832988|SIG|Signet Jewelers LTD|20190403|NYSE|5944|batch_0001/002/SIG_0000832988_10K_20190202_Item1A_excerpt.txt|BMG812761002|Consumer Goods|Apparel, Accessories & Footwear
1418135|DPS|DR Pepper Snapple Group Inc|20190228|NYSE|2080|batch_0001/002/DPS_0001418135_10K_20181231_Item1A_excerpt.txt|||
1510295|MPC|Marathon Petroleum Corp|20190228|NYSE|2911|batch_0001/002/MPC_0001510295_10K_20181231_Item1A_excerpt.txt|US56585A1025|Extractives & Minerals Processing|Oil & Gas – Refining & Marketing
849399|SYMC|Symantec Corp|20190524|NASDAQ|7372|batch_0001/002/SYMC_0000849399_10K_20190329_Item1A_excerpt.txt|US8715031089|Technology & Communications|Software & IT Services
72903|XEL|Xcel Energy Inc|20190222|NYSE|4931|batch_0001/002/XEL_0000072903_10K_20181231_Item1A_excerpt.txt|US98389B1008|Infrastructure|Electric Utilities & Power Generators
7286|PNW|ARIZONA PUBLIC SERVICE CO|20190222|None|None|batch_0001/002/PNW_0000007286_10K_20181231_Item1A_excerpt.txt|||
30625|FLS|Flowserve Corp|20190220|NYSE|3561|batch_0001/002/FLS_0000030625_10K_20181231_Item1A_excerpt.txt|US34354P1057|Resource Transformation|Industrial Machinery & Goods
6281|ADI|Analog Devices Inc|20191126|NASDAQ|3674|batch_0001/002/ADI_0000006281_10K_20191102_Item1A_excerpt.txt|US0326541051|Technology & Communications|Semiconductors
55387|PPL|KENTUCKY UTILITIES CO|20190214|None|None|batch_0001/002/PPL_0000055387_10K_20181231_Item1A_excerpt.txt|||
1124198|FLR|Fluor Corp|20190221|NYSE|1600|batch_0001/002/FLR_0001124198_10K_20181231_Item1A_excerpt.txt|US3434121022|Infrastructure|Engineering & Construction Services
1339947|VIAB|Viacom Inc|20191114|NASDAQ|4841|batch_0001/002/VIAB_0001339947_10K_20190930_Item1A_excerpt.txt|US92553P2011|Services|Media & Entertainment
922864|AIV|Apartment Investment & Management Co|20190220|NYSE|6798|batch_0001/002/AIV_0000922864_10K_20181231_Item1A_excerpt.txt|US03748R7540|Infrastructure|Real Estate
9389|BLL|Ball Corp|20190222|NYSE|3411|batch_0001/002/BLL_0000009389_10K_20181231_Item1A_excerpt.txt|US0584981064|Resource Transformation|Containers & Packaging
1037038|RL|Ralph Lauren Corp|20190516|NYSE|2320|batch_0001/002/RL_0001037038_10K_20190330_Item1A_excerpt.txt|US7512121010|Consumer Goods|Apparel, Accessories & Footwear
877890|CTXS|Citrix Systems Inc|20190215|NASDAQ|7372|batch_0001/002/CTXS_0000877890_10K_20181231_Item1A_excerpt.txt|US1773761002|Technology & Communications|Software & IT Services
1121788|GRMN|Garmin LTD|20190220|NASDAQ|3812|batch_0001/002/GRMN_0001121788_10K_20181229_Item1A_excerpt.txt|CH0114405324|Technology & Communications|Hardware
1047166|URI|United Rentals North America Inc|20190123|NYSE|7359|batch_0001/002/URI_0001047166_10K_20181231_Item1A_excerpt.txt|US9113631090|Resource Transformation|Industrial Machinery & Goods
1099219|MET|Metlife Inc|20190222|NYSE|6311|batch_0001/002/MET_0001099219_10K_20181231_Item1A_excerpt.txt|US59156R1086|Financials|Insurance
201533|CMS|Consumers Energy Co|20190205|NYSE|4931|batch_0001/002/CMS_0000201533_10K_20181231_Item1A_excerpt.txt|||
1137774|PRU|Prudential Financial Inc|20190215|NYSE|6311|batch_0001/002/PRU_0001137774_10K_20181231_Item1A_excerpt.txt|US7443201022|Financials|Insurance
7332|SWN|Southwestern Energy Co|20190228|NYSE|1311|batch_0001/002/SWN_0000007332_10K_20181231_Item1A_excerpt.txt|US8454671095|Extractives & Minerals Processing|Oil & Gas – Exploration & Production
861878|SRCL|Stericycle Inc|20190228|NASDAQ|4955|batch_0001/002/SRCL_0000861878_10K_20181231_Item1A_excerpt.txt|US8589121081|Infrastructure|Waste Management
1365135|WU|Western Union Co|20190221|NYSE|7389|batch_0001/002/WU_0001365135_10K_20181231_Item1A_excerpt.txt|US9598021098|Technology & Communications|Software & IT Services
820027|AMP|Ameriprise Financial Inc|20190227|NYSE|6282|batch_0001/002/AMP_0000820027_10K_20181231_Item1A_excerpt.txt|US03076C1062|Financials|Asset Management & Custody Activities
12927|BA|Boeing Co|20190208|NYSE|3721|batch_0001/002/BA_0000012927_10K_20181231_Item1A_excerpt.txt|||
47111|HSY|Hershey Co|20190222|NYSE|2060|batch_0001/002/HSY_0000047111_10K_20181231_Item1A_excerpt.txt|US4278661081|Food & Beverage|Processed Foods
13372|ES|NSTAR ELECTRIC CO|20190226|None|None|batch_0001/002/ES_0000013372_10K_20181231_Item1A_excerpt.txt|||
5513|UNM|Unum Group|20190219|NYSE|6321|batch_0001/002/UNM_0000005513_10K_20181231_Item1A_excerpt.txt|US91529Y1064|Financials|Insurance
1637459|KHC|Kraft Heinz Co|20190607|None|None|batch_0001/002/KHC_0001637459_10K_20181229_Item1A_excerpt.txt|US5007541064|Food & Beverage|Processed Foods
764180|MO|Altria Group Inc|20190226|NYSE|2111|batch_0001/002/MO_0000764180_10K_20181231_Item1A_excerpt.txt|US02209S1033|Food & Beverage|Tobacco
833444|JCI|Tyco International LTD|20191121|NYSE|7380|batch_0001/002/JCI_0000833444_10K_20190930_Item1A_excerpt.txt|||
723125|MU|Micron Technology Inc|20191017|NASDAQ|3674|batch_0001/002/MU_0000723125_10K_20190829_Item1A_excerpt.txt|US5951121038|Technology & Communications|Semiconductors
107263|WMB|Williams Companies Inc|20190221|NYSE|4922|batch_0001/002/WMB_0000107263_10K_20181231_Item1A_excerpt.txt|US9694571004|Extractives & Minerals Processing|Oil & Gas – Midstream
1506307|KMI|Kinder Morgan Inc|20190208|NYSE|4922|batch_0001/002/KMI_0001506307_10K_20181231_Item1A_excerpt.txt|US49456B1017|Extractives & Minerals Processing|Oil & Gas – Midstream
732717|T|At&t Inc|20190220|NYSE|4813|batch_0001/002/T_0000732717_10K_20181231_Item1A_excerpt.txt|US00206R1023|Technology & Communications|Telecommunication Services
37996|F|Ford Motor Co|20190221|NYSE|3711|batch_0001/002/F_0000037996_10K_20181231_Item1A_excerpt.txt|US3453708600|Transportation|Automobiles
1530721|KORS|Michael Kors Holdings LTD|20190529|NYSE|3100|batch_0001/002/KORS_0001530721_10K_20190330_Item1A_excerpt.txt|||
1013871|NRG|NRG Energy Inc|20190228|NYSE|4911|batch_0001/002/NRG_0001013871_10K_20181231_Item1A_excerpt.txt|US6293775085|Infrastructure|Electric Utilities & Power Generators
1534701|PSX|Phillips 66|20190222|NYSE|2911|batch_0001/002/PSX_0001534701_10K_20181231_Item1A_excerpt.txt|US7185461040|Extractives & Minerals Processing|Oil & Gas – Refining & Marketing
59478|LLY|Lilly Eli & Co|20190219|NYSE|2834|batch_0001/002/LLY_0000059478_10K_20181231_Item1A_excerpt.txt|||
39911|GPS|Gap Inc|20190319|NYSE|5651|batch_0001/002/GPS_0000039911_10K_20190202_Item1A_excerpt.txt|US3647601083|Consumer Goods|Apparel, Accessories & Footwear
55067|K|Kellogg Co|20190225|NYSE|2040|batch_0001/002/K_0000055067_10K_20181229_Item1A_excerpt.txt|US4878361082|Food & Beverage|Processed Foods
27419|TGT|Target Corp|20190313|NYSE|5331|batch_0001/002/TGT_0000027419_10K_20190202_Item1A_excerpt.txt|US87612E1064|Consumer Goods|Multiline and Specialty Retailers & Distributors
319201|KLAC|Kla Tencor Corp|20190816|NASDAQ|3827|batch_0001/002/KLAC_0000319201_10K_20190630_Item1A_excerpt.txt|US4824801009|Technology & Communications|Semiconductors
24545|TAP|Molson Coors Brewing Co|20190212|NYSE|2082|batch_0001/002/TAP_0000024545_10K_20181231_Item1A_excerpt.txt|US60871R2094|Food & Beverage|Alcoholic Beverages
7084|ADM|Archer Daniels Midland Co|20190219|NYSE|2070|batch_0001/002/ADM_0000007084_10K_20181231_Item1A_excerpt.txt|US0394831020|Food & Beverage|Agricultural Products
40704|GIS|General Mills Inc|20190628|NYSE|2040|batch_0001/002/GIS_0000040704_10K_20190526_Item1A_excerpt.txt|US3703341046|Food & Beverage|Processed Foods
886158|BBBY|Bed Bath & Beyond Inc|20190430|NASDAQ|5700|batch_0001/002/BBBY_0000886158_10K_20190302_Item1A_excerpt.txt|US0758961009|Consumer Goods|Multiline and Specialty Retailers & Distributors
60086|L|Loews Corp|20190213|NYSE|6331|batch_0001/002/L_0000060086_10K_20181231_Item1A_excerpt.txt|US5404241086|Financials|Insurance
32604|EMR|Emerson Electric Co|20191118|NYSE|3600|batch_0001/002/EMR_0000032604_10K_20190930_Item1A_excerpt.txt|US2910111044|Resource Transformation|Electrical & Electronic Equipment
783325|WEC|Wisconsin Energy Corp|20190226|NYSE|4931|batch_0001/002/WEC_0000783325_10K_20181231_Item1A_excerpt.txt|||
16732|CPB|Campbell Soup Co|20190926|NYSE|2000|batch_0001/002/CPB_0000016732_10K_20190728_Item1A_excerpt.txt|US1344291091|Food & Beverage|Processed Foods
106040|WDC|Western Digital Corp|20190827|NASDAQ|3572|batch_0001/002/WDC_0000106040_10K_20190628_Item1A_excerpt.txt|US9581021055|Technology & Communications|Hardware
816761|TDC|Teradata Corp|20190301|NYSE|3571|batch_0001/002/TDC_0000816761_10KA_20181231_Item1A_excerpt.txt|US88076W1036|Technology & Communications|Software & IT Services
816761|TDC|Teradata Corp|20190226|NYSE|3571|batch_0001/002/TDC_0000816761_10K_20181231_Item1A_excerpt.txt|US88076W1036|Technology & Communications|Software & IT Services
1061937|HST|HOST HOTELS & RESORTS L.P.|20190226|None|None|batch_0001/002/HST_0001061937_10K_20181231_Item1A_excerpt.txt|US44107P1049|Infrastructure|Real Estate
23217|CAG|Conagra Foods Inc|20190719|NYSE|2000|batch_0001/002/CAG_0000023217_10K_20190526_Item1A_excerpt.txt|US2058871029|Food & Beverage|Processed Foods
764478|BBY|Best Buy Co Inc|20190328|NYSE|5731|batch_0001/002/BBY_0000764478_10K_20190202_Item1A_excerpt.txt|US0865161014|Consumer Goods|Multiline and Specialty Retailers & Distributors
78814|PBI|Pitney Bowes Inc|20190220|NYSE|3579|batch_0001/002/PBI_0000078814_10K_20181231_Item1A_excerpt.txt|US7244791007|Technology & Communications|Software & IT Services
320193|AAPL|Apple Inc|20191031|NASDAQ|3571|batch_0001/002/AAPL_0000320193_10K_20190928_Item1A_excerpt.txt|US0378331005|Technology & Communications|Hardware
81033|PEG|Public Service Electric & Gas Co|20190228||4931|batch_0001/002/PEG_0000081033_10K_20181231_Item1A_excerpt.txt|||
4904|AEP|American Electric Power Co Inc|20190221|NYSE|4911|batch_0001/002/AEP_0000004904_10K_20181231_Item1A_excerpt.txt|US0255371017|Infrastructure|Electric Utilities & Power Generators
318154|AMGN|Amgen Inc|20190213|NASDAQ|2836|batch_0001/002/AMGN_0000318154_10K_20181231_Item1A_excerpt.txt|US0311621009|Health Care|Biotechnology & Pharmaceuticals
24741|GLW|Corning Inc|20190212|NYSE|3357|batch_0001/002/GLW_0000024741_10K_20181231_Item1A_excerpt.txt|US2193501051|Technology & Communications|Hardware
38777|BEN|Franklin Resources Inc|20191112|NYSE|6282|batch_0001/002/BEN_0000038777_10K_20190930_Item1A_excerpt.txt|US3546131018|Financials|Asset Management & Custody Activities
48732|CNP|CENTERPOINT ENERGY HOUSTON ELECTRIC LLC|20190228|None|None|batch_0001/002/CNP_0000048732_10K_20181231_Item1A_excerpt.txt|||
1045609|PLD|Prologis Inc|20190213|NYSE|6798|batch_0001/002/PLD_0001045609_10K_20181231_Item1A_excerpt.txt|US74340W1036|Infrastructure|Real Estate
1289490|EXR|Extra Space Storage Inc|20190226|NYSE|6798|batch_0001/002/EXR_0001289490_10K_20181231_Item1A_excerpt.txt|US30225T1025|Infrastructure|Real Estate
1677703|CNDT|CONDUENT Inc|20190228|None|None|batch_0001/002/CNDT_0001677703_10K_20181231_Item1A_excerpt.txt|US2067871036|Technology & Communications|Software & IT Services
920760|LEN|Lennar Corp|20190128|NYSE|1520|batch_0001/002/LEN_0000920760_10K_20181130_Item1A_excerpt.txt|US5260571048|Infrastructure|Home Builders
47217|HPQ|Hewlett Packard Co|20191212|NYSE|3570|batch_0001/002/HPQ_0000047217_10K_20191031_Item1A_excerpt.txt|||
23632|ED|CONSOLIDATED EDISON CO OF NEW YORK INC|20190221|None|None|batch_0001/002/ED_0000023632_10K_20181231_Item1A_excerpt.txt|US2091151041|Infrastructure|Electric Utilities & Power Generators
732712|VZ|Verizon Communications Inc|20190215|NYSE|4813|batch_0001/002/VZ_0000732712_10K_20181231_Item1A_excerpt.txt|US92343V1044|Technology & Communications|Telecommunication Services
1467858|GM|General Motors Co|20190206|NYSE|3711|batch_0001/002/GM_0001467858_10K_20181231_Item1A_excerpt.txt|US37045V1008|Transportation|Automobiles
885639|KSS|Kohls Corp|20190322|NYSE|5311|batch_0001/002/KSS_0000885639_10K_20190202_Item1A_excerpt.txt|US5002551043|Consumer Goods|Multiline and Specialty Retailers & Distributors
1564708|NWS|News Corp|20190813|NASDAQ|2711|batch_0001/002/NWS_0001564708_10K_20190630_Item1A_excerpt.txt|US65249B2088|Services|Media & Entertainment
1564708|NWSA|News Corp|20190813|NASDAQ|2711|batch_0001/002/NWSA_0001564708_10K_20190630_Item1A_excerpt.txt|US65249B1098|Services|Media & Entertainment
1002047|NTAP|Netapp Inc|20190618|NASDAQ|3572|batch_0001/002/NTAP_0001002047_10K_20190426_Item1A_excerpt.txt|US64110D1046|Technology & Communications|Hardware
1593034|ENDP|Endo International plc|20190228|None|None|batch_0001/002/ENDP_0001593034_10K_20181231_Item1A_excerpt.txt|IE00BJ3V9050|Health Care|Biotechnology & Pharmaceuticals
51434|IP|International Paper Co|20190220|NYSE|2621|batch_0001/002/IP_0000051434_10K_20181231_Item1A_excerpt.txt|US4601461035|Resource Transformation|Containers & Packaging
1267238|AIZ|Assurant Inc|20190222|NYSE|6321|batch_0001/002/AIZ_0001267238_10K_20181231_Item1A_excerpt.txt|US04621X1081|Financials|Insurance
4977|AFL|Aflac Inc|20190225|NYSE|6321|batch_0001/002/AFL_0000004977_10K_20181231_Item1A_excerpt.txt|||
1137789|STX|Seagate Technology PLC|20190802|NASDAQ|3572|batch_0001/002/STX_0001137789_10K_20190628_Item1A_excerpt.txt|IE00B58JVZ52|Technology & Communications|Hardware
18926|CTL|Centurylink Inc|20190311|NYSE|4813|batch_0001/002/CTL_0000018926_10K_20181231_Item1A_excerpt.txt|US1567001060|Technology & Communications|Telecommunication Services
1031296|FE|Firstenergy Corp|20190219|NYSE|4911|batch_0001/002/FE_0001031296_10K_20181231_Item1A_excerpt.txt|US3379321074|Infrastructure|Electric Utilities & Power Generators
8192|EXC|ATLANTIC CITY ELECTRIC CO|20190208|None|None|batch_0001/002/EXC_0000008192_10K_20181231_Item1A_excerpt.txt|||
874761|AES|Aes Corp|20190227|NYSE|4991|batch_0001/002/AES_0000874761_10K_20181231_Item1A_excerpt.txt|KR7001680008|Food & Beverage|Processed Foods
765880|HCP|HCP Inc|20190214|NYSE|6798|batch_0001/002/HCP_0000765880_10K_20181231_Item1A_excerpt.txt|US40414L1098|Infrastructure|Real Estate
874766|HIG|Hartford Financial Services Group Inc|20190222|NYSE|6331|batch_0001/002/HIG_0000874766_10K_20181231_Item1A_excerpt.txt|US4165151048|Financials|Insurance
28385|DTE|DTE Electric Co|20190207|None|None|batch_0001/002/DTE_0000028385_10K_20181231_Item1A_excerpt.txt|TW0005349005|Technology & Communications|Hardware
794367|M|Macys Inc|20190403||5311|batch_0001/002/M_0000794367_10K_20190202_Item1A_excerpt.txt|US55616P1049|Consumer Goods|Multiline and Specialty Retailers & Distributors
1274494|FSLR|First Solar Inc|20190222|NASDAQ|3674|batch_0001/002/FSLR_0001274494_10K_20181231_Item1A_excerpt.txt|US3364331070|Renewable Resources & Alternative Energy|Solar Technology & Project Developers
1451505|RIG|Transocean LTD|20190219|NYSE|1381|batch_0001/002/RIG_0001451505_10K_20181231_Item1A_excerpt.txt|CH0048265513|Extractives & Minerals Processing|Oil & Gas – Services
20520|FTR|Frontier Communications Corp|20190301|NASDAQ|4813|batch_0001/002/FTR_0000020520_10K_20181231_Item1A_excerpt.txt|US35906A3068|Technology & Communications|Telecommunication Services
1385157|TEL|Te Connectivity LTD|20191112|NYSE|5065|batch_0001/002/TEL_0001385157_10K_20190927_Item1A_excerpt.txt|CH0102993182|Resource Transformation|Electrical & Electronic Equipment
1164727|NEM|Newmont Mining Corp|20190221|NYSE|1040|batch_0001/002/NEM_0001164727_10K_20181231_Item1A_excerpt.txt|US6516391066|Extractives & Minerals Processing|Metals & Mining
912595|MAA|Mid America Apartment Communities Inc|20190221|NYSE|6798|batch_0001/002/MAA_0000912595_10K_20181231_Item1A_excerpt.txt|US59522J1034|Infrastructure|Real Estate
1593538|NAVI|NAVIENT CORP|20190226|None|None|batch_0001/002/NAVI_0001593538_10K_20181231_Item1A_excerpt.txt|US63938C1080|Financials|Consumer Finance
1024305|COTY|Coty Inc|20190828|NYSE|2844|batch_0001/002/COTY_0001024305_10K_20190630_Item1A_excerpt.txt|US2220702037|Consumer Goods|Household & Personal Products
882095|GILD|Gilead Sciences Inc|20190226|NASDAQ|2836|batch_0001/002/GILD_0000882095_10K_20181231_Item1A_excerpt.txt|US3755581036|Health Care|Biotechnology & Pharmaceuticals
1645590|HPE|Hewlett Packard Enterprise Co|20191213|None|None|batch_0001/002/HPE_0001645590_10K_20191031_Item1A_excerpt.txt|US42824C1099|Technology & Communications|Software & IT Services
108772|XRX|Xerox Corp|20190225|NYSE|7389|batch_0001/002/XRX_0000108772_10K_20181231_Item1A_excerpt.txt|||
21344|KO|Coca Cola Co|20190221|NYSE|2080|batch_0001/002/KO_0000021344_10K_20181231_Item1A_excerpt.txt|||
63908|MCD|Mcdonalds Corp|20190222|NYSE|5812|batch_0001/002/MCD_0000063908_10K_20181231_Item1A_excerpt.txt|US5801351017|Food & Beverage|Restaurants
831259|FCX|Freeport Mcmoran Copper & Gold Inc|20190215|NYSE|1000|batch_0001/002/FCX_0000831259_10K_20181231_Item1A_excerpt.txt|US35671D8570|Extractives & Minerals Processing|Metals & Mining
1041061|YUM|Yum Brands Inc|20190221|NYSE|5812|batch_0001/002/YUM_0001041061_10K_20181231_Item1A_excerpt.txt|US9884981013|Food & Beverage|Restaurants
101778|MRO|Marathon Oil Corp|20190221|NYSE|1311|batch_0001/002/MRO_0000101778_10K_20181231_Item1A_excerpt.txt|US5658491064|Extractives & Minerals Processing|Oil & Gas – Exploration & Production
39899|TGNA|Gannett Co Inc|20190301|NYSE|2711|batch_0001/002/TGNA_0000039899_10K_20181231_Item1A_excerpt.txt|||
769397|ADSK|Autodesk Inc|20190325|NASDAQ|7372|batch_0001/002/ADSK_0000769397_10K_20190131_Item1A_excerpt.txt|US0527691069|Technology & Communications|Software & IT Services
1358071|CXO|Concho Resources Inc|20190220|NYSE|1311|batch_0001/002/CXO_0001358071_10K_20181231_Item1A_excerpt.txt|US20605P1012|Extractives & Minerals Processing|Oil & Gas – Exploration & Production
1336917|UAA|Under Armour Inc|20190225|NYSE|2300|batch_0001/002/UAA_0001336917_10K_20181231_Item1A_excerpt.txt|US9043111072|Consumer Goods|Apparel, Accessories & Footwear
797468|OXY|Occidental Petroleum Corp|20190221|NYSE|1311|batch_0001/002/OXY_0000797468_10K_20181231_Item1A_excerpt.txt|US6745991058|Extractives & Minerals Processing|Oil & Gas – Exploration & Production
1039684|OKE|Oneok Inc|20190226|NYSE|4923|batch_0001/003/OKE_0001039684_10K_20181231_Item1A_excerpt.txt|US6826801036|Extractives & Minerals Processing|Oil & Gas – Midstream
1021860|NOV|National Oilwell Varco Inc|20190214|NYSE|3533|batch_0001/003/NOV_0001021860_10K_20181231_Item1A_excerpt.txt|US6370711011|Extractives & Minerals Processing|Oil & Gas – Services
1168054|XEC|Cimarex Energy Co|20190220|NYSE|1311|batch_0001/003/XEC_0001168054_10K_20181231_Item1A_excerpt.txt|US1717981013|Extractives & Minerals Processing|Oil & Gas – Exploration & Production
1336917|UA|Under Armour Inc|20190225|NYSE|2300|batch_0001/003/UA_0001336917_10K_20181231_Item1A_excerpt.txt|US9043112062|Consumer Goods|Apparel, Accessories & Footwear
1018724|AMZN|Amazon Com Inc|20190201|NASDAQ|5961|batch_0001/003/AMZN_0001018724_10K_20181231_Item1A_excerpt.txt|US0231351067|Consumer Goods|E-commerce
87347|SLB|Schlumberger LTD|20190123|NYSE|1389|batch_0001/003/SLB_0000087347_10K_20181231_Item1A_excerpt.txt|AN8068571086|Extractives & Minerals Processing|Oil & Gas – Services
808362|BHI|Baker Hughes Inc|20190219|NYSE|3533|batch_0001/003/BHI_0000808362_10K_20181231_Item1A_excerpt.txt|||
33213|EQT|Eqt Corp|20190214|NYSE|1311|batch_0001/003/EQT_0000033213_10K_20181231_Item1A_excerpt.txt|||
899866|ALXN|Alexion Pharmaceuticals Inc|20190206|NASDAQ|2834|batch_0001/003/ALXN_0000899866_10K_20181231_Item1A_excerpt.txt|US0153511094|Health Care|Biotechnology & Pharmaceuticals
1065280|NFLX|Netflix Inc|20190129|NASDAQ|7841|batch_0001/003/NFLX_0001065280_10K_20181231_Item1A_excerpt.txt|US64110L1061|Technology & Communications|Internet Media & Services
1108524|CRM|Salesforce Com Inc|20190308|NYSE|7372|batch_0001/003/CRM_0001108524_10K_20190131_Item1A_excerpt.txt|US79466L3024|Technology & Communications|Software & IT Services
796343|ADBE|Adobe Systems Inc|20190125|NASDAQ|7372|batch_0001/003/ADBE_0000796343_10K_20181130_Item1A_excerpt.txt|US00724F1012|Technology & Communications|Software & IT Services
1652044|GOOGL|Alphabet Inc.|20190205|None|None|batch_0001/003/GOOGL_0001652044_10K_20181231_Item1A_excerpt.txt|US02079K3059|Technology & Communications|Internet Media & Services
1633917|PYPL|PayPal Holdings, Inc.|20190207|None|None|batch_0001/003/PYPL_0001633917_10K_20181231_Item1A_excerpt.txt|US70450Y1038|Financials|Consumer Finance
4447|HES|Hess Corp|20190221|NYSE|2911|batch_0001/003/HES_0000004447_10K_20181231_Item1A_excerpt.txt|US42809H1077|Extractives & Minerals Processing|Oil & Gas – Exploration & Production
6769|APA|Apache Corp|20190301|NYSE|1311|batch_0001/003/APA_0000006769_10K_20181231_Item1A_excerpt.txt|US0374111054|Extractives & Minerals Processing|Oil & Gas – Exploration & Production
872589|REGN|Regeneron Pharmaceuticals Inc|20190207|NASDAQ|2834|batch_0001/003/REGN_0000872589_10K_20181231_Item1A_excerpt.txt|US75886F1075|Health Care|Biotechnology & Pharmaceuticals
72207|NBL|Noble Energy Inc|20190219|NYSE|1311|batch_0001/003/NBL_0000072207_10K_20181231_Item1A_excerpt.txt|US6550441058|Extractives & Minerals Processing|Oil & Gas – Exploration & Production
816284|CELG|Celgene Corp|20190226|NASDAQ|2834|batch_0001/003/CELG_0000816284_10K_20181231_Item1A_excerpt.txt|US1510201049|Health Care|Biotechnology & Pharmaceuticals
1090012|DVN|Devon Energy Corp|20190220|NYSE|1311|batch_0001/003/DVN_0001090012_10K_20181231_Item1A_excerpt.txt|US25179M1036|Extractives & Minerals Processing|Oil & Gas – Exploration & Production
1075531|PCLN|Priceline Com Inc|20190227|NASDAQ|7389|batch_0001/003/PCLN_0001075531_10K_20181231_Item1A_excerpt.txt|||
1403568|ULTA|Ulta Salon Cosmetics & Fragrance Inc|20190402|NASDAQ|5990|batch_0001/003/ULTA_0001403568_10K_20190202_Item1A_excerpt.txt|US90384S3031|Consumer Goods|Multiline and Specialty Retailers & Distributors
773910|APC|Anadarko Petroleum Corp|20190214|NYSE|1311|batch_0001/003/APC_0000773910_10K_20181231_Item1A_excerpt.txt|US0325111070|Extractives & Minerals Processing|Oil & Gas – Exploration & Production
1086222|AKAM|Akamai Technologies Inc|20190228|NASDAQ|7389|batch_0001/003/AKAM_0001086222_10K_20181231_Item1A_excerpt.txt|US00971T1016|Technology & Communications|Software & IT Services
1087423|RHT|Red Hat Inc|20190424|NYSE|7370|batch_0001/003/RHT_0001087423_10K_20190228_Item1A_excerpt.txt|US7565771026|Technology & Communications|Software & IT Services
1324424|EXPE|Expedia Inc|20190208|NASDAQ|4700|batch_0001/003/EXPE_0001324424_10K_20181231_Item1A_excerpt.txt|US30212P3038|Technology & Communications|Internet Media & Services
1058090|CMG|Chipotle Mexican Grill Inc|20190208|NYSE|5812|batch_0001/003/CMG_0001058090_10K_20181231_Item1A_excerpt.txt|US1696561059|Food & Beverage|Restaurants
1045810|NVDA|Nvidia Corp|20190221|NASDAQ|3674|batch_0001/003/NVDA_0001045810_10K_20190127_Item1A_excerpt.txt|US67066G1040|Technology & Communications|Semiconductors
1403161|V|Visa Inc|20191114|NYSE|7389|batch_0001/003/V_0001403161_10K_20190930_Item1A_excerpt.txt|US92826C8394|Technology & Communications|Software & IT Services
34088|XOM|Exxon Mobil Corp|20190227|NYSE|2911|batch_0001/003/XOM_0000034088_10K_20181231_Item1A_excerpt.txt|US30231G1022|Extractives & Minerals Processing|Oil & Gas – Exploration & Production
1526520|TRIP|Tripadvisor Inc|20190222|NASDAQ|7370|batch_0001/003/TRIP_0001526520_10K_20181231_Item1A_excerpt.txt|US8969452015|Technology & Communications|Internet Media & Services
865752|MNST|Monster Beverage Corp|20190228||2086|batch_0001/003/MNST_0000865752_10K_20181231_Item1A_excerpt.txt|US61174X1090|Food & Beverage|Non-Alcoholic Beverages
316709|SCHW|Schwab Charles Corp|20190222|NYSE|6211|batch_0001/003/SCHW_0000316709_10K_20181231_Item1A_excerpt.txt|CA8085261078|Financials|Asset Management & Custody Activities
707549|LRCX|Lam Research Corp|20190820|NASDAQ|3559|batch_0001/003/LRCX_0000707549_10K_20190630_Item1A_excerpt.txt|US5128071082|Technology & Communications|Semiconductors
1141391|MA|Mastercard Inc|20190213|NYSE|7389|batch_0001/003/MA_0001141391_10K_20181231_Item1A_excerpt.txt|US57636Q1040|Technology & Communications|Software & IT Services
1110803|ILMN|Illumina Inc|20190212|NASDAQ|3826|batch_0001/003/ILMN_0001110803_10K_20181230_Item1A_excerpt.txt|US4523271090|Health Care|Medical Equipment & Supplies
1101239|EQIX|Equinix Inc|20190222|NASDAQ|4813|batch_0001/003/EQIX_0001101239_10K_20181231_Item1A_excerpt.txt|US29444U7000|Infrastructure|Real Estate
29915|DOW|Dow Chemical Co|20190211|NYSE|2821|batch_0001/003/DOW_0000029915_10K_20181231_Item1A_excerpt.txt|||
858470|COG|Cabot Oil & Gas Corp|20190226|NYSE|1311|batch_0001/003/COG_0000858470_10K_20181231_Item1A_excerpt.txt|US1270971039|Extractives & Minerals Processing|Oil & Gas – Exploration & Production
45012|HAL|Halliburton Co|20190213|NYSE|1389|batch_0001/003/HAL_0000045012_10K_20181231_Item1A_excerpt.txt|US4062161017|Extractives & Minerals Processing|Oil & Gas – Services
895126|CHK|Chesapeake Energy Corp|20190227|NYSE|1311|batch_0001/003/CHK_0000895126_10K_20181231_Item1A_excerpt.txt|US1651671075|Extractives & Minerals Processing|Oil & Gas – Exploration & Production
1038357|PXD|Pioneer Natural Resources Co|20190226|NYSE|1311|batch_0001/003/PXD_0001038357_10K_20181231_Item1A_excerpt.txt|US7237871071|Extractives & Minerals Processing|Oil & Gas – Exploration & Production
821189|EOG|Eog Resources Inc|20190226|NYSE|1311|batch_0001/003/EOG_0000821189_10K_20181231_Item1A_excerpt.txt|US26875P1012|Extractives & Minerals Processing|Oil & Gas – Exploration & Production
875320|VRTX|Vertex Pharmaceuticals Inc|20190213|NASDAQ|2834|batch_0001/003/VRTX_0000875320_10K_20181231_Item1A_excerpt.txt|US92532F1003|Health Care|Biotechnology & Pharmaceuticals
1326801|FB|Facebook Inc|20190131|NASDAQ|7370|batch_0001/003/FB_0001326801_10K_20181231_Item1A_excerpt.txt|US30303M1027|Technology & Communications|Internet Media & Services
315852|RRC|Range Resources Corp|20190225|NYSE|1311|batch_0001/003/RRC_0000315852_10K_20181231_Item1A_excerpt.txt|US75281A1097|Extractives & Minerals Processing|Oil & Gas – Exploration & Production
46765|HP|Helmerich & Payne Inc|20191115|NYSE|1381|batch_0001/003/HP_0000046765_10K_20190930_Item1A_excerpt.txt|US4234521015|Extractives & Minerals Processing|Oil & Gas – Services
882184|DHI|Horton D R Inc|20191125|NYSE|1531|batch_0001/003/DHI_0000882184_10K_20190930_Item1A_excerpt.txt|US23331A1097|Infrastructure|Home Builders
19617|JPM|Jpmorgan Chase & Co|20190226|NYSE|6021|batch_0001/003/JPM_0000019617_10K_20181231_Item1A_excerpt.txt|US46625H1005|Financials|Investment Banking & Brokerage
93410|CVX|Chevron Corp|20190222|NYSE|2911|batch_0001/003/CVX_0000093410_10K_20181231_Item1A_excerpt.txt|US1667641005|Extractives & Minerals Processing|Oil & Gas – Exploration & Production
51143|IBM|International Business Machines Corp|20190226|NYSE|3570|batch_0001/003/IBM_0000051143_10K_20181231_Item1A_excerpt.txt|US4592001014|Technology & Communications|Software & IT Services
1101215|ADS|Alliance Data Systems Corp|20190226|NYSE|7389|batch_0001/003/ADS_0001101215_10K_20181231_Item1A_excerpt.txt|US0185811082|Financials|Consumer Finance
1020569|IRM|Iron Mountain Inc|20190214|NYSE|4220|batch_0001/003/IRM_0001020569_10K_20181231_Item1A_excerpt.txt|US46284V1017|Infrastructure|Real Estate
1035267|ISRG|Intuitive Surgical Inc|20190204|NASDAQ|3842|batch_0001/003/ISRG_0001035267_10K_20181231_Item1A_excerpt.txt|US46120E6023|Health Care|Medical Equipment & Supplies
1004434|AMG|Affiliated Managers Group Inc|20190222|NYSE|6282|batch_0001/003/AMG_0001004434_10K_20181231_Item1A_excerpt.txt|US0082521081|Financials|Asset Management & Custody Activities
1396009|VMC|Vulcan Materials Co|20190226|NYSE|1400|batch_0001/003/VMC_0001396009_10K_20181231_Item1A_excerpt.txt|US9291601097|Extractives & Minerals Processing|Construction Materials
1058290|CTSH|Cognizant Technology Solutions Corp|20190219|NASDAQ|7371|batch_0001/003/CTSH_0001058290_10K_20181231_Item1A_excerpt.txt|US1924461023|Technology & Communications|Software & IT Services
829224|SBUX|Starbucks Corp|20191115|NASDAQ|5810|batch_0001/003/SBUX_0000829224_10K_20190929_Item1A_excerpt.txt|US8552441094|Food & Beverage|Restaurants
896878|INTU|Intuit Inc|20190830|NASDAQ|7372|batch_0001/003/INTU_0000896878_10K_20190731_Item1A_excerpt.txt|US4612021034|Technology & Communications|Software & IT Services
874716|IDXX|Idexx Laboratories Inc|20190215|NASDAQ|2835|batch_0001/003/IDXX_0000874716_10K_20181231_Item1A_excerpt.txt|US45168D1046|Health Care|Medical Equipment & Supplies
1048286|MAR|Marriott International Inc|20190301|NASDAQ|7011|batch_0001/003/MAR_0001048286_10K_20181231_Item1A_excerpt.txt|US5719032022|Services|Hotels & Lodging
1071739|CNC|Centene Corp|20190219|NYSE|6324|batch_0001/003/CNC_0001071739_10K_20181231_Item1A_excerpt.txt|US15135B1017|Health Care|Managed Care
728535|JBHT|Hunt J B Transport Services Inc|20190222|NASDAQ|4213|batch_0001/003/JBHT_0000728535_10K_20181231_Item1A_excerpt.txt|US4456581077|Transportation|Road Transportation
1604778|QRVO|Qorvo, Inc.|20190517|None|None|batch_0001/003/QRVO_0001604778_10K_20190330_Item1A_excerpt.txt|US74736K1016|Technology & Communications|Semiconductors
789019|MSFT|Microsoft Corp|20190801|NASDAQ|7372|batch_0001/003/MSFT_0000789019_10K_20190630_Item1A_excerpt.txt|US5949181045|Technology & Communications|Software & IT Services
1099800|EW|Edwards Lifesciences Corp|20190215|NYSE|3842|batch_0001/003/EW_0001099800_10K_20181231_Item1A_excerpt.txt|US28176E1082|Health Care|Medical Equipment & Supplies
804753|CERN|Cerner Corp|20190208|NASDAQ|7373|batch_0001/003/CERN_0000804753_10K_20181229_Item1A_excerpt.txt|US1567821046|Technology & Communications|Software & IT Services
320187|NKE|Nike Inc|20190723|NYSE|3021|batch_0001/003/NKE_0000320187_10K_20190531_Item1A_excerpt.txt|US6541061031|Consumer Goods|Apparel, Accessories & Footwear
3153|SO|Alabama Power Co|20190220|NYSE|4911|batch_0001/003/SO_0000003153_10K_20181231_Item1A_excerpt.txt|||
1551152|ABBV|Abbvie Inc|20190227|NYSE|2834|batch_0001/003/ABBV_0001551152_10K_20181231_Item1A_excerpt.txt|US00287Y1091|Health Care|Biotechnology & Pharmaceuticals
1123360|GPN|Global Payments Inc|20190221|NYSE|7389|batch_0001/003/GPN_0001123360_10K_20181231_Item1A_excerpt.txt|US37940X1028|Technology & Communications|Software & IT Services
822416|PHM|Pultegroup Inc|20190131|NYSE|1531|batch_0001/003/PHM_0000822416_10K_20181231_Item1A_excerpt.txt|US7458671010|Infrastructure|Home Builders
75362|PCAR|Paccar Inc|20190221|NASDAQ|3711|batch_0001/003/PCAR_0000075362_10K_20181231_Item1A_excerpt.txt|US6937181088|Resource Transformation|Industrial Machinery & Goods
202058|HRS|Harris Corp|20190822|NYSE|3812|batch_0001/003/HRS_0000202058_10K_20190628_Item1A_excerpt.txt|US4138751056|Technology & Communications|Hardware
916076|MLM|Martin Marietta Materials Inc|20190225|NYSE|1400|batch_0001/003/MLM_0000916076_10K_20181231_Item1A_excerpt.txt|US5732841060|Extractives & Minerals Processing|Construction Materials
766421|ALK|Alaska Air Group Inc|20190215|NYSE|4512|batch_0001/003/ALK_0000766421_10K_20181231_Item1A_excerpt.txt|US0116591092|Transportation|Airlines
80661|PGR|Progressive Corp|20190227|NYSE|6331|batch_0001/003/PGR_0000080661_10K_20181231_Item1A_excerpt.txt|US7433151039|Financials|Insurance
30554|DD|Dupont E I De Nemours & Co|20190211|NYSE|2820|batch_0001/003/DD_0000030554_10K_20181231_Item1A_excerpt.txt|US26614N1028|Resource Transformation|Chemicals
731766|UNH|Unitedhealth Group Inc|20190212|NYSE|6324|batch_0001/003/UNH_0000731766_10K_20181231_Item1A_excerpt.txt|US91324P1021|Health Care|Managed Care
8670|ADP|Automatic Data Processing Inc|20190809|NASDAQ|7374|batch_0001/003/ADP_0000008670_10K_20190630_Item1A_excerpt.txt|US0530151036|Technology & Communications|Software & IT Services
29534|DG|Dollar General Corp|20190322|NYSE|5331|batch_0001/003/DG_0000029534_10K_20190201_Item1A_excerpt.txt|US2566771059|Consumer Goods|Multiline and Specialty Retailers & Distributors
354190|AJG|Gallagher Arthur J & Co|20190208|NYSE|6411|batch_0001/003/AJG_0000354190_10K_20181231_Item1A_excerpt.txt|||
1364742|BLK|Blackrock Inc|20190228|NYSE|6211|batch_0001/003/BLK_0001364742_10K_20181231_Item1A_excerpt.txt|US09247X1019|Financials|Asset Management & Custody Activities
914208|IVZ|Invesco LTD|20190222|NYSE|6282|batch_0001/003/IVZ_0000914208_10K_20181231_Item1A_excerpt.txt|BMG491BT1088|Financials|Asset Management & Custody Activities
915912|AVB|Avalonbay Communities Inc|20190222|NYSE|6798|batch_0001/003/AVB_0000915912_10K_20181231_Item1A_excerpt.txt|US0534841012|Infrastructure|Real Estate
1111711|NI|Nisource Inc|20190220|NYSE|4931|batch_0001/003/NI_0001111711_10K_20181231_Item1A_excerpt.txt|US65473P1057|Infrastructure|Gas Utilities & Distributors
1324404|CF|CF Industries Holdings Inc|20190222|NYSE|2870|batch_0001/003/CF_0001324404_10K_20181231_Item1A_excerpt.txt|US1252691001|Resource Transformation|Chemicals
915913|ALB|Albemarle Corp|20190227|NYSE|2821|batch_0001/003/ALB_0000915913_10K_20181231_Item1A_excerpt.txt|US0126531013|Resource Transformation|Chemicals
717423|MUR|Murphy Oil Corp|20190227|NYSE|2911|batch_0001/003/MUR_0000717423_10K_20181231_Item1A_excerpt.txt|US6267171022|Extractives & Minerals Processing|Oil & Gas – Exploration & Production
1437107|DISCK|Discovery Communications Inc|20190301|NASDAQ|4841|batch_0001/003/DISCK_0001437107_10K_20181231_Item1A_excerpt.txt|US25470F3029|Technology & Communications|Telecommunication Services
1015780|ETFC|E Trade Financial Corp|20190221|NASDAQ|6035|batch_0001/003/ETFC_0001015780_10KA_20181231_Item1A_excerpt.txt|US2692464017|Financials|Investment Banking & Brokerage
1015780|ETFC|E Trade Financial Corp|20190220|NASDAQ|6035|batch_0001/003/ETFC_0001015780_10K_20181231_Item1A_excerpt.txt|US2692464017|Financials|Investment Banking & Brokerage
33185|EFX|Equifax Inc|20190221|NYSE|7320|batch_0001/003/EFX_0000033185_10K_20181231_Item1A_excerpt.txt|US2944291051|Services|Professional & Commercial Services
1800|ABT|Abbott Laboratories|20190222|NYSE|2834|batch_0001/003/ABT_0000001800_10K_20181231_Item1A_excerpt.txt|US0028241000|Health Care|Medical Equipment & Supplies
723531|PAYX|Paychex Inc|20190724|NASDAQ|8700|batch_0001/003/PAYX_0000723531_10K_20190531_Item1A_excerpt.txt|US7043261079|Technology & Communications|Software & IT Services
902739|CMCSA|NBCUniversal Media, LLC|20190131|None|None|batch_0001/003/CMCSA_0000902739_10K_20181231_Item1A_excerpt.txt|||
882835|ROP|Roper Industries Inc|20190225|NYSE|3823|batch_0001/003/ROP_0000882835_10K_20181231_Item1A_excerpt.txt|INE932D01010|Consumer Goods|Building Products & Furnishings
1578845|AGN|Actavis PLC|20190215|NYSE|2834|batch_0001/003/AGN_0001578845_10K_20181231_Item1A_excerpt.txt|||
909832|COST|Costco Wholesale Corp|20191011|NASDAQ|5331|batch_0001/003/COST_0000909832_10K_20190901_Item1A_excerpt.txt|US22160K1051|Consumer Goods|Multiline and Specialty Retailers & Distributors
1519751|FBHS|Fortune Brands Home & Security Inc|20190225|NYSE|1520|batch_0001/003/FBHS_0001519751_10K_20181231_Item1A_excerpt.txt|US34964C1062|Consumer Goods|Building Products & Furnishings
203527|VAR|Varian Medical Systems Inc|20191125|NYSE|3845|batch_0001/003/VAR_0000203527_10K_20190927_Item1A_excerpt.txt|US92220P1057|Health Care|Medical Equipment & Supplies
16918|STZ|Constellation Brands Inc|20190423|NYSE|2080|batch_0001/003/STZ_0000016918_10K_20190228_Item1A_excerpt.txt|US21036P1084|Food & Beverage|Alcoholic Beverages
885725|BSX|Boston Scientific Corp|20190219|NYSE|3841|batch_0001/003/BSX_0000885725_10K_20181231_Item1A_excerpt.txt|US1011371077|Health Care|Medical Equipment & Supplies
4127|SWKS|Skyworks Solutions Inc|20191114|NASDAQ|3674|batch_0001/003/SWKS_0000004127_10K_20190927_Item1A_excerpt.txt|US83088M1027|Technology & Communications|Semiconductors
875045|BIIB|Biogen Idec Inc|20190206|NASDAQ|2836|batch_0001/003/BIIB_0000875045_10K_20181231_Item1A_excerpt.txt|US09062X1037|Health Care|Biotechnology & Pharmaceuticals
898173|ORLY|O Reilly Automotive Inc|20190227|NASDAQ|5531|batch_0001/003/ORLY_0000898173_10K_20181231_Item1A_excerpt.txt|US67103H1077|Consumer Goods|Multiline and Specialty Retailers & Distributors
109198|TJX|TJX Companies Inc|20190403|NYSE|5651|batch_0001/003/TJX_0000109198_10K_20190202_Item1A_excerpt.txt|US8725401090|Consumer Goods|Apparel, Accessories & Footwear
1138118|CBG|Cbre Group Inc|20190301|NYSE|6500|batch_0001/003/CBG_0001138118_10K_20181231_Item1A_excerpt.txt|||
1467373|ACN|Accenture PLC|20191029|NYSE|7389|batch_0001/003/ACN_0001467373_10K_20190831_Item1A_excerpt.txt|IE00B4BNMY34|Technology & Communications|Software & IT Services
916365|TSCO|Tractor Supply Co|20190221|NASDAQ|5200|batch_0001/003/TSCO_0000916365_10K_20181229_Item1A_excerpt.txt|US8923561067|Consumer Goods|Multiline and Specialty Retailers & Distributors
315189|DE|Deere & Co|20191219|NYSE|3523|batch_0001/003/DE_0000315189_10K_20191103_Item1A_excerpt.txt|US2441991054|Resource Transformation|Industrial Machinery & Goods
745732|ROST|Ross Stores Inc|20190402|NASDAQ|5651|batch_0001/003/ROST_0000745732_10K_20190202_Item1A_excerpt.txt|US7782961038|Consumer Goods|Apparel, Accessories & Footwear
49196|HBAN|Huntington Bancshares Inc|20190215|NASDAQ|6021|batch_0001/003/HBAN_0000049196_10K_20181231_Item1A_excerpt.txt|US4461501045|Financials|Commercial Banks
352915|UHS|Universal Health Services Inc|20190227|NYSE|8062|batch_0001/003/UHS_0000352915_10K_20181231_Item1A_excerpt.txt|US9139031002|Health Care|Health Care Delivery
712515|EA|Electronic Arts Inc|20190524|NASDAQ|7372|batch_0001/003/EA_0000712515_10K_20190331_Item1A_excerpt.txt|US2855121099|Technology & Communications|Software & IT Services
759944|CFG|CITIZENS FINANCIAL GROUP INC/RI|20190221|None|None|batch_0001/004/CFG_0000759944_10K_20181231_Item1A_excerpt.txt|US1746101054|Financials|Commercial Banks
912242|MAC|Macerich Co|20190225|NYSE|6798|batch_0001/004/MAC_0000912242_10K_20181231_Item1A_excerpt.txt|US5543821012|Infrastructure|Real Estate
1156039|ANTM|Wellpoint Inc|20190220|NYSE|6324|batch_0001/004/ANTM_0001156039_10K_20181231_Item1A_excerpt.txt|||
920522|ESS|Essex Property Trust Inc|20190221|NYSE|6798|batch_0001/004/ESS_0000920522_10K_20181231_Item1A_excerpt.txt|US2971781057|Infrastructure|Real Estate
91419|SJM|Smucker J M Co|20190617|NYSE|2033|batch_0001/004/SJM_0000091419_10K_20190430_Item1A_excerpt.txt|||
1053507|AMT|American Tower Corp|20190227|NYSE|6798|batch_0001/004/AMT_0001053507_10K_20181231_Item1A_excerpt.txt|US03027X1000|Infrastructure|Real Estate
1170010|KMX|Carmax Inc|20190419|NYSE|5500|batch_0001/004/KMX_0001170010_10K_20190228_Item1A_excerpt.txt|US1431301027|Consumer Goods|Multiline and Specialty Retailers & Distributors
815097|CCL|Carnival Corp|20190128|NYSE|4400|batch_0001/004/CCL_0000815097_10K_20181130_Item1A_excerpt.txt|PA1436583006|Transportation|Cruise Lines
1001250|EL|Estee Lauder Companies Inc|20190823|NYSE|2844|batch_0001/004/EL_0001001250_10K_20190630_Item1A_excerpt.txt|US5184391044|Consumer Goods|Household & Personal Products
1059556|MCO|Moodys Corp|20190225|NYSE|7320|batch_0001/004/MCO_0001059556_10K_20181231_Item1A_excerpt.txt|US6153691059|Services|Professional & Commercial Services
64803|CVS|CVS Caremark Corp|20190228|NYSE|5912|batch_0001/004/CVS_0000064803_10K_20181231_Item1A_excerpt.txt|||
86521|SRE|San Diego Gas & Electric Co|20190226||4931|batch_0001/004/SRE_0000086521_10K_20181231_Item1A_excerpt.txt|||
1297996|DLR|Digital Realty Trust Inc|20190225|NYSE|6798|batch_0001/004/DLR_0001297996_10K_20181231_Item1A_excerpt.txt|US2538681030|Infrastructure|Real Estate
1091667|CHTR|Charter Communications Inc|20190131|NASDAQ|4841|batch_0001/004/CHTR_0001091667_10K_20181231_Item1A_excerpt.txt|US16119P1084|Technology & Communications|Telecommunication Services
1442145|VRSK|Verisk Analytics Inc|20190219|NASDAQ|7374|batch_0001/004/VRSK_0001442145_10K_20181231_Item1A_excerpt.txt|US92345Y1064|Services|Professional & Commercial Services
54480|KSU|Kansas City Southern|20190125|NYSE|4011|batch_0001/004/KSU_0000054480_10K_20181231_Item1A_excerpt.txt|US4851703029|Transportation|Rail Transportation
746515|EXPD|Expeditors International Of Washington Inc|20190222|NASDAQ|4731|batch_0001/004/EXPD_0000746515_10K_20181231_Item1A_excerpt.txt|US3021301094|Transportation|Air Freight & Logistics
1585364|PRGO|Perrigo Co PLC|20190227|NYSE|2834|batch_0001/004/PRGO_0001585364_10K_20181231_Item1A_excerpt.txt|IE00BGH1M568|Health Care|Biotechnology & Pharmaceuticals
1378946|PBCT|Peoples United Financial Inc|20190301|NASDAQ|6035|batch_0001/004/PBCT_0001378946_10K_20181231_Item1A_excerpt.txt|US7127041058|Financials|Commercial Banks
310764|SYK|Stryker Corp|20190207|NYSE|3841|batch_0001/004/SYK_0000310764_10K_20181231_Item1A_excerpt.txt|US8636671013|Health Care|Medical Equipment & Supplies
96223|LUK|Leucadia National Corp|20190129|NYSE|2011|batch_0001/004/LUK_0000096223_10KT_20181130_Item1A_excerpt.txt|||
1555280|ZTS|Zoetis Inc|20190214|NYSE|2834|batch_0001/004/ZTS_0001555280_10K_20181231_Item1A_excerpt.txt|US98978V1035|Health Care|Biotechnology & Pharmaceuticals
1048695|FFIV|F5 Networks Inc|20191115|NASDAQ|3576|batch_0001/004/FFIV_0001048695_10K_20190930_Item1A_excerpt.txt|US3156161024|Technology & Communications|Software & IT Services
1133421|NOC|Northrop Grumman Corp|20190131|NYSE|3812|batch_0001/004/NOC_0001133421_10K_20181231_Item1A_excerpt.txt|US6668071029|Resource Transformation|Aerospace & Defense
1521332|DLPH|Delphi Automotive PLC|20190204|NYSE|3714|batch_0001/004/DLPH_0001521332_10K_20181231_Item1A_excerpt.txt|||
1285785|MOS|Mosaic Co|20190313|NYSE|2870|batch_0001/004/MOS_0001285785_10K_20181231_Item1A_excerpt.txt|||
721683|TSS|Total System Services Inc|20190221|NYSE|7389|batch_0001/004/TSS_0000721683_10K_20181231_Item1A_excerpt.txt|US8919061098|Technology & Communications|Software & IT Services
34903|FRT|Federal Realty Investment Trust|20190213|NYSE|6798|batch_0001/004/FRT_0000034903_10K_20181231_Item1A_excerpt.txt|US3137472060|Infrastructure|Real Estate
935703|DLTR|Dollar Tree Inc|20190327|NASDAQ|5331|batch_0001/004/DLTR_0000935703_10K_20190202_Item1A_excerpt.txt|US2567461080|Consumer Goods|Multiline and Specialty Retailers & Distributors
804328|QCOM|Qualcomm Inc|20191106|NASDAQ|3663|batch_0001/004/QCOM_0000804328_10K_20190929_Item1A_excerpt.txt|US7475251036|Technology & Communications|Semiconductors
1037540|BXP|Boston Properties Inc|20190228|NYSE|6798|batch_0001/004/BXP_0001037540_10K_20181231_Item1A_excerpt.txt|US1011211018|Infrastructure|Real Estate
51253|IFF|International Flavors & Fragrances Inc|20190226|NYSE|2860|batch_0001/004/IFF_0000051253_10K_20181231_Item1A_excerpt.txt|US4595061015|Resource Transformation|Chemicals
818479|XRAY|Dentsply International Inc|20190308|NASDAQ|3843|batch_0001/004/XRAY_0000818479_10K_20181231_Item1A_excerpt.txt|US24906P1093|Health Care|Medical Equipment & Supplies
711404|COO|Cooper Companies Inc|20191220|NYSE|3851|batch_0001/004/COO_0000711404_10K_20191031_Item1A_excerpt.txt|US2166484020|Health Care|Medical Equipment & Supplies
2969|APD|Air Products & Chemicals Inc|20191126|NYSE|2810|batch_0001/004/APD_0000002969_10K_20190930_Item1A_excerpt.txt|US0091581068|Resource Transformation|Chemicals
109380|ZION|Zions Bancorporation|20190226|NASDAQ|6021|batch_0001/004/ZION_0000109380_10K_20181231_Item1A_excerpt.txt|US9897011071|Financials|Commercial Banks
14693|BFB|Brown Forman Corp|20190613||2080|batch_0001/004/BFB_0000014693_10K_20190430_Item1A_excerpt.txt|||
49071|HUM|Humana Inc|20190221|NYSE|6324|batch_0001/004/HUM_0000049071_10K_20181231_Item1A_excerpt.txt|SE0008040653|Health Care|Health Care Delivery
798354|FISV|Fiserv Inc|20190221|NASDAQ|7374|batch_0001/004/FISV_0000798354_10K_20181231_Item1A_excerpt.txt|US3377381088|Technology & Communications|Software & IT Services
701985|LB|L Brands Inc|20190322|NYSE|5621|batch_0001/004/LB_0000701985_10K_20190202_Item1A_excerpt.txt|US5017971046|Consumer Goods|Apparel, Accessories & Footwear
64040|SPGI|Mcgraw Hill Financial Inc|20190213||7320|batch_0001/004/SPGI_0000064040_10K_20181231_Item1A_excerpt.txt|||
1000228|HSIC|Henry Schein Inc|20190220|NASDAQ|5047|batch_0001/004/HSIC_0001000228_10K_20181229_Item1A_excerpt.txt|US8064071025|Health Care|Health Care Distributors
28412|CMA|Comerica Inc|20190212|NYSE|6021|batch_0001/004/CMA_0000028412_10K_20181231_Item1A_excerpt.txt|US2003401070|Financials|Commercial Banks
74208|UDR|Udr Inc|20190219|NYSE|6798|batch_0001/004/UDR_0000074208_10K_20181231_Item1A_excerpt.txt|US9026531049|Infrastructure|Real Estate
37785|FMC|FMC Corp|20190228|NYSE|2800|batch_0001/004/FMC_0000037785_10K_20181231_Item1A_excerpt.txt|||
73309|NUE|Nucor Corp|20190228|NYSE|3312|batch_0001/004/NUE_0000073309_10K_20181231_Item1A_excerpt.txt|US6703461052|Extractives & Minerals Processing|Iron & Steel Producers
37634|NEE|FLORIDA POWER & LIGHT CO|20190215|None|None|batch_0001/004/NEE_0000037634_10K_20181231_Item1A_excerpt.txt|||
766704|HCN|Health Care REIT Inc|20190225|NYSE|6798|batch_0001/004/HCN_0000766704_10K_20181231_Item1A_excerpt.txt|||
718877|ATVI|Activision Blizzard Inc|20190228|NASDAQ|7372|batch_0001/004/ATVI_0000718877_10K_20181231_Item1A_excerpt.txt|US00507V1098|Technology & Communications|Software & IT Services
1000697|WAT|Waters Corp|20190301|NYSE|3826|batch_0001/004/WAT_0001000697_10KA_20181231_Item1A_excerpt.txt|US9418481035|Health Care|Medical Equipment & Supplies
1000697|WAT|Waters Corp|20190226|NYSE|3826|batch_0001/004/WAT_0001000697_10K_20181231_Item1A_excerpt.txt|US9418481035|Health Care|Medical Equipment & Supplies
1043277|CHRW|C H Robinson Worldwide Inc|20190225|NASDAQ|4731|batch_0001/004/CHRW_0001043277_10K_20181231_Item1A_excerpt.txt|US12541W2098|Transportation|Air Freight & Logistics
106640|WHR|Whirlpool Corp|20190212|NYSE|3630|batch_0001/004/WHR_0000106640_10K_20181231_Item1A_excerpt.txt|US9633201069|Consumer Goods|Appliance Manufacturing
73124|NTRS|Northern Trust Corp|20190226|NASDAQ|6022|batch_0001/004/NTRS_0000073124_10K_20181231_Item1A_excerpt.txt|US6658591044|Financials|Asset Management & Custody Activities
1065088|EBAY|Ebay Inc|20190130|NASDAQ|7389|batch_0001/004/EBAY_0001065088_10K_20181231_Item1A_excerpt.txt|US2786421030|Consumer Goods|E-commerce
1413329|PM|Philip Morris International Inc|20190207|NYSE|2111|batch_0001/004/PM_0001413329_10K_20181231_Item1A_excerpt.txt|US7181721090|Food & Beverage|Tobacco
927628|COF|Capital One Financial Corp|20190220|NYSE|6021|batch_0001/004/COF_0000927628_10K_20181231_Item1A_excerpt.txt|US14040H1059|Financials|Consumer Finance
1163165|COP|Conocophillips|20190219|NYSE|2911|batch_0001/004/COP_0001163165_10K_20181231_Item1A_excerpt.txt|US20825C1045|Extractives & Minerals Processing|Oil & Gas – Exploration & Production
866787|AZO|Autozone Inc|20191028|NYSE|5531|batch_0001/004/AZO_0000866787_10K_20190831_Item1A_excerpt.txt|US0533321024|Consumer Goods|Multiline and Specialty Retailers & Distributors
91440|SNA|Snap-on Inc|20190214|NYSE|3420|batch_0001/004/SNA_0000091440_10K_20181229_Item1A_excerpt.txt|US83304A1060|Technology & Communications|Internet Media & Services
851968|MHK|Mohawk Industries Inc|20190228|NYSE|2273|batch_0001/004/MHK_0000851968_10K_20181231_Item1A_excerpt.txt|US6081901042|Consumer Goods|Building Products & Furnishings
103682|D|Virginia Electric & Power Co|20190228||4911|batch_0001/004/D_0000103682_10K_20181231_Item1A_excerpt.txt|||
1156375|CME|Cme Group Inc|20190228|NASDAQ|6200|batch_0001/004/CME_0001156375_10K_20181231_Item1A_excerpt.txt|MYL7018OO004|Resource Transformation|Electrical & Electronic Equipment
1065696|LKQ|LKQ Corp|20190301|NASDAQ|5010|batch_0001/004/LKQ_0001065696_10K_20181231_Item1A_excerpt.txt|||
1113169|TROW|Price T Rowe Group Inc|20190213|NASDAQ|6200|batch_0001/004/TROW_0001113169_10K_20181231_Item1A_excerpt.txt|US74144T1088|Financials|Asset Management & Custody Activities
97745|TMO|Thermo Fisher Scientific Inc|20190227|NYSE|3829|batch_0001/004/TMO_0000097745_10K_20181231_Item1A_excerpt.txt|US8835561023|Health Care|Medical Equipment & Supplies
1116132|COH|Coach Inc|20190815|NYSE|3100|batch_0001/004/COH_0001116132_10K_20190629_Item1A_excerpt.txt|US19249J1097|Health Care|Biotechnology & Pharmaceuticals
101829|UTX|United Technologies Corp|20190207|NYSE|3724|batch_0001/004/UTX_0000101829_10K_20181231_Item1A_excerpt.txt|US9130171096|Resource Transformation|Aerospace & Defense
14272|BMY|Bristol Myers Squibb Co|20190225|NYSE|2834|batch_0001/004/BMY_0000014272_10K_20181231_Item1A_excerpt.txt|US1101221083|Health Care|Biotechnology & Pharmaceuticals
36104|USB|US Bancorp|20190222|NYSE|6021|batch_0001/004/USB_0000036104_10K_20181231_Item1A_excerpt.txt|US9029733048|Financials|Commercial Banks
93556|SWK|Stanley Black & Decker Inc|20190226|NYSE|3420|batch_0001/004/SWK_0000093556_10K_20181229_Item1A_excerpt.txt|US8545021011|Resource Transformation|Industrial Machinery & Goods
1140859|ABC|Amerisourcebergen Corp|20191119|NYSE|5122|batch_0001/004/ABC_0001140859_10K_20190930_Item1A_excerpt.txt|US03073E1055|Health Care|Health Care Distributors
820313|APH|Amphenol Corp|20190213|NYSE|3678|batch_0001/004/APH_0000820313_10K_20181231_Item1A_excerpt.txt|US0320951017|Resource Transformation|Electrical & Electronic Equipment
884887|RCL|Royal Caribbean Cruises LTD|20190222|NYSE|4400|batch_0001/004/RCL_0000884887_10K_20181231_Item1A_excerpt.txt|LR0008862868|Transportation|Cruise Lines
927066|DVA|Davita Healthcare Partners Inc|20190222|NYSE|8090|batch_0001/004/DVA_0000927066_10K_20181231_Item1A_excerpt.txt|||
92380|LUV|Southwest Airlines Co|20190205|NYSE|4512|batch_0001/004/LUV_0000092380_10K_20181231_Item1A_excerpt.txt|US8447411088|Transportation|Airlines
1037646|MTD|Mettler Toledo International Inc|20190208|NYSE|3826|batch_0001/004/MTD_0001037646_10K_20181231_Item1A_excerpt.txt|US5926881054|Health Care|Medical Equipment & Supplies
927653|MCK|Mckesson Corp|20190515|NYSE|5122|batch_0001/004/MCK_0000927653_10K_20190331_Item1A_excerpt.txt|US58155Q1031|Health Care|Health Care Distributors
750556|STI|Suntrust Banks Inc|20190222|NYSE|6021|batch_0001/004/STI_0000750556_10K_20181231_Item1A_excerpt.txt|US8679141031|Financials|Commercial Banks
85961|R|Ryder System Inc|20190221|NYSE|7510|batch_0001/004/R_0000085961_10K_20181231_Item1A_excerpt.txt|US7835491082|Transportation|Air Freight & Logistics
912615|URBN|Urban Outfitters Inc|20190401|NASDAQ|5651|batch_0001/004/URBN_0000912615_10K_20190131_Item1A_excerpt.txt|US9170471026|Consumer Goods|Apparel, Accessories & Footwear
70858|BAC|Bank Of America Corp|20190226|NYSE|6021|batch_0001/004/BAC_0000070858_10K_20181231_Item1A_excerpt.txt|US0605051046|Financials|Commercial Banks
896159|CB|Ace LTD|20190228|NYSE|6331|batch_0001/004/CB_0000896159_10K_20181231_Item1A_excerpt.txt|||
740260|VTR|Ventas Inc|20190208|NYSE|6798|batch_0001/004/VTR_0000740260_10K_20181231_Item1A_excerpt.txt|US92276F1003|Infrastructure|Real Estate
1090872|A|Agilent Technologies Inc|20191219|NYSE|3825|batch_0001/004/A_0001090872_10K_20191031_Item1A_excerpt.txt|US00846U1016|Health Care|Medical Equipment & Supplies
10795|BDX|Becton Dickinson & Co|20191127|NYSE|3841|batch_0001/004/BDX_0000010795_10K_20190930_Item1A_excerpt.txt|US0758871091|Health Care|Medical Equipment & Supplies
1126328|PFG|Principal Financial Group Inc|20190213|NYSE|6321|batch_0001/004/PFG_0001126328_10K_20181231_Item1A_excerpt.txt|US74251V1026|Financials|Insurance
860730|HCA|Hca Holdings Inc|20190221|NYSE|8062|batch_0001/004/HCA_0000860730_10K_20181231_Item1A_excerpt.txt|US40412C1018|Health Care|Health Care Delivery
1613103|MDT|Medtronic plc|20190621|None|None|batch_0001/004/MDT_0001613103_10K_20190426_Item1A_excerpt.txt|IE00BTN1Y115|Health Care|Medical Equipment & Supplies
52485|LNT|INTERSTATE POWER & LIGHT CO|20190222|None|None|batch_0001/004/LNT_0000052485_10K_20181231_Item1A_excerpt.txt|||
908255|BWA|Borgwarner Inc|20190219|NYSE|3714|batch_0001/004/BWA_0000908255_10K_20181231_Item1A_excerpt.txt|US0997241064|Transportation|Auto Parts
1040971|SLG|SL Green Realty Corp|20190227|NYSE|6798|batch_0001/004/SLG_0001040971_10K_20181231_Item1A_excerpt.txt|US78440X1019|Infrastructure|Real Estate
62996|MAS|Masco Corp|20190207|NYSE|2430|batch_0001/004/MAS_0000062996_10K_20181231_Item1A_excerpt.txt|CA57457A1057|Extractives & Minerals Processing|Metals & Mining
713676|PNC|PNC Financial Services Group Inc|20190301|NYSE|6021|batch_0001/004/PNC_0000713676_10K_20181231_Item1A_excerpt.txt|US6934751057|Financials|Commercial Banks
277135|GWW|Grainger W W Inc|20190228|NYSE|5000|batch_0001/004/GWW_0000277135_10K_20181231_Item1A_excerpt.txt|US3848021040|Consumer Goods|Multiline and Specialty Retailers & Distributors
103379|VFC|V F Corp|20190524|NYSE|2320|batch_0001/004/VFC_0000103379_10K_20190330_Item1A_excerpt.txt|||
98246|TIF|Tiffany & Co|20190322|NYSE|5944|batch_0001/004/TIF_0000098246_10K_20190131_Item1A_excerpt.txt|US8865471085|Consumer Goods|Apparel, Accessories & Footwear
1571949|ICE|Intercontinentalexchange Group Inc|20190207|NYSE|6200|batch_0001/004/ICE_0001571949_10K_20181231_Item1A_excerpt.txt|US45866F1049|Financials|Security & Commodity Exchanges
1579241|ALLE|Allegion PLC|20190219|NYSE|7381|batch_0001/004/ALLE_0001579241_10K_20181231_Item1A_excerpt.txt|IE00BFRT3W74|Resource Transformation|Electrical & Electronic Equipment
58492|LEG|Leggett & Platt Inc|20190227|NYSE|2510|batch_0001/004/LEG_0000058492_10K_20181231_Item1A_excerpt.txt|US5246601075|Consumer Goods|Building Products & Furnishings
315213|RHI|Half Robert International Inc|20190215|NYSE|7363|batch_0001/004/RHI_0000315213_10K_20181231_Item1A_excerpt.txt|US7703231032|Services|Professional & Commercial Services
29905|DOV|Dover Corp|20190215|NYSE|3530|batch_0001/004/DOV_0000029905_10K_20181231_Item1A_excerpt.txt|US2600031080|Resource Transformation|Industrial Machinery & Goods
1136893|FIS|Fidelity National Information Services Inc|20190221|NYSE|7389|batch_0001/004/FIS_0001136893_10K_20181231_Item1A_excerpt.txt|US31620M1062|Technology & Communications|Software & IT Services
1090727|UPS|United Parcel Service Inc|20190221|NYSE|4210|batch_0001/004/UPS_0001090727_10K_20181231_Item1A_excerpt.txt|US9113121068|Transportation|Air Freight & Logistics
26172|CMI|Cummins Inc|20190211|NYSE|3510|batch_0001/004/CMI_0000026172_10K_20181231_Item1A_excerpt.txt|US2310211063|Resource Transformation|Industrial Machinery & Goods
1014473|VRSN|Verisign Inc|20190215|NASDAQ|7371|batch_0001/004/VRSN_0001014473_10K_20181231_Item1A_excerpt.txt|US92343E1029|Technology & Communications|Software & IT Services
1393612|DFS|Discover Financial Services|20190220|NYSE|6141|batch_0001/004/DFS_0001393612_10K_20181231_Item1A_excerpt.txt|US2547091080|Financials|Consumer Finance
1047122|RTN|Raytheon Co|20190213|NYSE|3812|batch_0001/004/RTN_0001047122_10K_20181231_Item1A_excerpt.txt|US7551115071|Resource Transformation|Aerospace & Defense
31462|ECL|Ecolab Inc|20190301|NYSE|2840|batch_0001/004/ECL_0000031462_10K_20181231_Item1A_excerpt.txt|US2788651006|Resource Transformation|Chemicals
726728|O|Realty Income Corp|20190301|NYSE|6798|batch_0001/004/O_0000726728_10KA_20181231_Item1A_excerpt.txt|US7561091049|Infrastructure|Real Estate
726728|O|Realty Income Corp|20190222|NYSE|6798|batch_0001/004/O_0000726728_10K_20181231_Item1A_excerpt.txt|US7561091049|Infrastructure|Real Estate
72971|WFC|Wells Fargo & Company|20190227|NYSE|6021|batch_0001/004/WFC_0000072971_10K_20181231_Item1A_excerpt.txt|US9497461015|Financials|Commercial Banks
793952|HOG|Harley Davidson Inc|20190228|NYSE|3751|batch_0001/004/HOG_0000793952_10K_20181231_Item1A_excerpt.txt|US4128221086|Transportation|Automobiles
91576|KEY|Keycorp|20190225|NYSE|6021|batch_0001/004/KEY_0000091576_10K_20181231_Item1A_excerpt.txt|US4932671088|Financials|Commercial Banks
702165|NSC|Norfolk Southern Corp|20190208|NYSE|4011|batch_0001/004/NSC_0000702165_10K_20181231_Item1A_excerpt.txt|US6558441084|Transportation|Rail Transportation
93751|STT|State Street Corp|20190221|NYSE|6022|batch_0001/004/STT_0000093751_10K_20181231_Item1A_excerpt.txt|US8574771031|Financials|Asset Management & Custody Activities
