1067983|BRKB|Berkshire Hathaway Inc|20190225||6331|/home/koshy/Desktop/Capstone/fintech/data/SEC/batch_0001/001/BRKB_0001067983_10K_20181231_Item1A_excerpt.txt
815556|FAST|Fastenal Co|20190206|NASDAQ|5200|/home/koshy/Desktop/Capstone/fintech/data/SEC/batch_0001/001/FAST_0000815556_10K_20181231_Item1A_excerpt.txt
63754|MKC|Mccormick & Co Inc|20190125|NYSE|2090|/home/koshy/Desktop/Capstone/fintech/data/SEC/batch_0001/001/MKC_0000063754_10K_20181130_Item1A_excerpt.txt
940944|DRI|Darden Restaurants Inc|20190719|NYSE|5812|/home/koshy/Desktop/Capstone/fintech/data/SEC/batch_0001/001/DRI_0000940944_10K_20190526_Item1A_excerpt.txt
1174922|WYNN|Wynn Resorts LTD|20190228|NASDAQ|7011|/home/koshy/Desktop/Capstone/fintech/data/SEC/batch_0001/001/WYNN_0001174922_10K_20181231_Item1A_excerpt.txt
100517|UAL|United Continental Holdings Inc|20190228|NYSE|4512|/home/koshy/Desktop/Capstone/fintech/data/SEC/batch_0001/001/UAL_0000100517_10K_20181231_Item1A_excerpt.txt
36270|MTB|M&T Bank Corp|20190220|NYSE|6022|/home/koshy/Desktop/Capstone/fintech/data/SEC/batch_0001/001/MTB_0000036270_10K_20181231_Item1A_excerpt.txt
1051470|CCI|Crown Castle International Corp|20190225|NYSE|4899|/home/koshy/Desktop/Capstone/fintech/data/SEC/batch_0001/001/CCI_0001051470_10K_20181231_Item1A_excerpt.txt
46080|HAS|Hasbro Inc|20190226|NASDAQ|3944|/home/koshy/Desktop/Capstone/fintech/data/SEC/batch_0001/001/HAS_0000046080_10K_20181230_Item1A_excerpt.txt
1659166|FTV|Fortive Corp|20190228|None|None|/home/koshy/Desktop/Capstone/fintech/data/SEC/batch_0001/001/FTV_0001659166_10K_20181231_Item1A_excerpt.txt
60667|LOW|Lowes Companies Inc|20190402|NYSE|5211|/home/koshy/Desktop/Capstone/fintech/data/SEC/batch_0001/001/LOW_0000060667_10K_20190201_Item1A_excerpt.txt
97476|TXN|Texas Instruments Inc|20190222|NASDAQ|3674|/home/koshy/Desktop/Capstone/fintech/data/SEC/batch_0001/001/TXN_0000097476_10K_20181231_Item1A_excerpt.txt
91882|SCG|South Carolina Electric & Gas Co|20190228|NYSE|4931|/home/koshy/Desktop/Capstone/fintech/data/SEC/batch_0001/001/SCG_0000091882_10K_20181231_Item1A_excerpt.txt
823768|WM|Waste Management Inc|20190214|NYSE|4953|/home/koshy/Desktop/Capstone/fintech/data/SEC/batch_0001/001/WM_0000823768_10K_20181231_Item1A_excerpt.txt
52988|JEC|Jacobs Engineering Group Inc|20191125|NYSE|1600|/home/koshy/Desktop/Capstone/fintech/data/SEC/batch_0001/001/JEC_0000052988_10K_20190927_Item1A_excerpt.txt
1022344|SPG|SIMON PROPERTY GROUP L P /DE/|20190222|None|None|/home/koshy/Desktop/Capstone/fintech/data/SEC/batch_0001/001/SPG_0001022344_10K_20181231_Item1A_excerpt.txt
55785|KMB|Kimberly Clark Corp|20190207|NYSE|2670|/home/koshy/Desktop/Capstone/fintech/data/SEC/batch_0001/001/KMB_0000055785_10K_20181231_Item1A_excerpt.txt
80424|PG|Procter & Gamble Co|20190806|NYSE|2840|/home/koshy/Desktop/Capstone/fintech/data/SEC/batch_0001/001/PG_0000080424_10K_20190630_Item1A_excerpt.txt
200406|JNJ|Johnson & Johnson|20190220|NYSE|2834|/home/koshy/Desktop/Capstone/fintech/data/SEC/batch_0001/001/JNJ_0000200406_10K_20181230_Item1A_excerpt.txt
4515|AAL|AMERICAN AIRLINES INC|20190225|None|None|/home/koshy/Desktop/Capstone/fintech/data/SEC/batch_0001/001/AAL_0000004515_10K_20181231_Item1A_excerpt.txt
920148|LH|Laboratory Corp Of America Holdings|20190228|NYSE|8071|/home/koshy/Desktop/Capstone/fintech/data/SEC/batch_0001/001/LH_0000920148_10K_20181231_Item1A_excerpt.txt
77476|PEP|Pepsico Inc|20190215|NYSE|2080|/home/koshy/Desktop/Capstone/fintech/data/SEC/batch_0001/001/PEP_0000077476_10K_20181229_Item1A_excerpt.txt
1039101|LLL|L3 TECHNOLOGIES, INC.|20190221|None|None|/home/koshy/Desktop/Capstone/fintech/data/SEC/batch_0001/001/LLL_0001039101_10K_20181231_Item1A_excerpt.txt
814453|NWL|Newell Rubbermaid Inc|20190304|NYSE|3089|/home/koshy/Desktop/Capstone/fintech/data/SEC/batch_0001/001/NWL_0000814453_10K_20181231_Item1A_excerpt.txt
891024|PDCO|Patterson Companies Inc|20190626|NASDAQ|5047|/home/koshy/Desktop/Capstone/fintech/data/SEC/batch_0001/001/PDCO_0000891024_10K_20190427_Item1A_excerpt.txt
879101|KIM|Kimco Realty Corp|20190215|NYSE|6798|/home/koshy/Desktop/Capstone/fintech/data/SEC/batch_0001/001/KIM_0000879101_10K_20181231_Item1A_excerpt.txt
1410636|AWK|American Water Works Company Inc|20190219|NYSE|4941|/home/koshy/Desktop/Capstone/fintech/data/SEC/batch_0001/001/AWK_0001410636_10K_20181231_Item1A_excerpt.txt
21076|CLX|Clorox Co|20190814|NYSE|2842|/home/koshy/Desktop/Capstone/fintech/data/SEC/batch_0001/001/CLX_0000021076_10K_20190630_Item1A_excerpt.txt
42582|GT|Goodyear Tire & Rubber Co|20190208|NASDAQ|3011|/home/koshy/Desktop/Capstone/fintech/data/SEC/batch_0001/001/GT_0000042582_10K_20181231_Item1A_excerpt.txt
40533|GD|General Dynamics Corp|20190213|NYSE|3730|/home/koshy/Desktop/Capstone/fintech/data/SEC/batch_0001/001/GD_0000040533_10K_20181231_Item1A_excerpt.txt
1524472|XYL|Xylem Inc|20190222|NYSE|3561|/home/koshy/Desktop/Capstone/fintech/data/SEC/batch_0001/001/XYL_0001524472_10K_20181231_Item1A_excerpt.txt
20286|CINF|Cincinnati Financial Corp|20190222|NASDAQ|6331|/home/koshy/Desktop/Capstone/fintech/data/SEC/batch_0001/001/CINF_0000020286_10K_20181231_Item1A_excerpt.txt
78239|PVH|PVH Corp|20190329|NYSE|2320|/home/koshy/Desktop/Capstone/fintech/data/SEC/batch_0001/001/PVH_0000078239_10K_20190203_Item1A_excerpt.txt
4281|ARNC|Alcoa Inc|20190221|NYSE|3350|/home/koshy/Desktop/Capstone/fintech/data/SEC/batch_0001/001/ARNC_0000004281_10K_20181231_Item1A_excerpt.txt
1567892|MNK|Mallinckrodt PLC|20190226|NYSE|2834|/home/koshy/Desktop/Capstone/fintech/data/SEC/batch_0001/001/MNK_0001567892_10K_20181228_Item1A_excerpt.txt
48465|HRL|Hormel Foods Corp|20191206|NYSE|2011|/home/koshy/Desktop/Capstone/fintech/data/SEC/batch_0001/001/HRL_0000048465_10K_20191027_Item1A_excerpt.txt
1012100|SEE|SEALED AIR CORP/DE|20190219|None|None|/home/koshy/Desktop/Capstone/fintech/data/SEC/batch_0001/001/SEE_0001012100_10K_20181231_Item1A_excerpt.txt
936468|LMT|Lockheed Martin Corp|20190208|NYSE|3760|/home/koshy/Desktop/Capstone/fintech/data/SEC/batch_0001/001/LMT_0000936468_10K_20181231_Item1A_excerpt.txt
1060391|RSG|Republic Services Inc|20190208|NYSE|4953|/home/koshy/Desktop/Capstone/fintech/data/SEC/batch_0001/001/RSG_0001060391_10K_20181231_Item1A_excerpt.txt
1043604|JNPR|Juniper Networks Inc|20190222|NYSE|3576|/home/koshy/Desktop/Capstone/fintech/data/SEC/batch_0001/001/JNPR_0001043604_10K_20181231_Item1A_excerpt.txt
1489393|LYB|Lyondellbasell Industries NV|20190221|NYSE|2860|/home/koshy/Desktop/Capstone/fintech/data/SEC/batch_0001/001/LYB_0001489393_10K_20181231_Item1A_excerpt.txt
773840|HON|Honeywell International Inc|20190208|NYSE|3714|/home/koshy/Desktop/Capstone/fintech/data/SEC/batch_0001/001/HON_0000773840_10K_20181231_Item1A_excerpt.txt
75488|PCG|Pacific Gas & Electric Co|20190228|NYSE|4931|/home/koshy/Desktop/Capstone/fintech/data/SEC/batch_0001/001/PCG_0000075488_10K_20181231_Item1A_excerpt.txt
1618921|WBA|Walgreens Boots Alliance, Inc.|20191028|None|None|/home/koshy/Desktop/Capstone/fintech/data/SEC/batch_0001/001/WBA_0001618921_10K_20190831_Item1A_excerpt.txt
8818|AVY|Avery Dennison Corp|20190227|NYSE|2670|/home/koshy/Desktop/Capstone/fintech/data/SEC/batch_0001/001/AVY_0000008818_10K_20181229_Item1A_excerpt.txt
794323|LVLT|Level 3 Communications Inc|20190319|NYSE|4813|/home/koshy/Desktop/Capstone/fintech/data/SEC/batch_0001/001/LVLT_0000794323_10K_20181231_Item1A_excerpt.txt
1361658|WYN|Wyndham Worldwide Corp|20190226|NYSE|7011|/home/koshy/Desktop/Capstone/fintech/data/SEC/batch_0001/001/WYN_0001361658_10K_20181231_Item1A_excerpt.txt
1136869|ZBH|Zimmer Holdings Inc|20190226|NYSE|3842|/home/koshy/Desktop/Capstone/fintech/data/SEC/batch_0001/001/ZBH_0001136869_10K_20181231_Item1A_excerpt.txt
27904|DAL|Delta Air Lines Inc|20190215|NYSE|4512|/home/koshy/Desktop/Capstone/fintech/data/SEC/batch_0001/001/DAL_0000027904_10K_20181231_Item1A_excerpt.txt
313927|CHD|Church & Dwight Co Inc|20190221|NYSE|2840|/home/koshy/Desktop/Capstone/fintech/data/SEC/batch_0001/001/CHD_0000313927_10K_20181231_Item1A_excerpt.txt
1623613|MYL|Mylan N.V.|20190227|None|None|/home/koshy/Desktop/Capstone/fintech/data/SEC/batch_0001/001/MYL_0001623613_10K_20181231_Item1A_excerpt.txt
899051|ALL|Allstate Corp|20190215|NYSE|6331|/home/koshy/Desktop/Capstone/fintech/data/SEC/batch_0001/001/ALL_0000899051_10K_20181231_Item1A_excerpt.txt
858877|CSCO|Cisco Systems Inc|20190905|NASDAQ|3576|/home/koshy/Desktop/Capstone/fintech/data/SEC/batch_0001/001/CSCO_0000858877_10K_20190727_Item1A_excerpt.txt
6951|AMAT|Applied Materials Inc|20191213|NASDAQ|3674|/home/koshy/Desktop/Capstone/fintech/data/SEC/batch_0001/001/AMAT_0000006951_10K_20191027_Item1A_excerpt.txt
18654|AEE|Ameren Illinois Co|20190226||4931|/home/koshy/Desktop/Capstone/fintech/data/SEC/batch_0001/001/AEE_0000018654_10K_20181231_Item1A_excerpt.txt
56873|KR|Kroger Co|20190402|NYSE|5411|/home/koshy/Desktop/Capstone/fintech/data/SEC/batch_0001/001/KR_0000056873_10K_20190202_Item1A_excerpt.txt
77360|PNR|Pentair LTD|20190219|NYSE|3550|/home/koshy/Desktop/Capstone/fintech/data/SEC/batch_0001/001/PNR_0000077360_10K_20181231_Item1A_excerpt.txt
1466258|IR|Ingersoll-rand PLC|20190212|NYSE|3822|/home/koshy/Desktop/Capstone/fintech/data/SEC/batch_0001/001/IR_0001466258_10K_20181231_Item1A_excerpt.txt
310158|MRK|Merck & Co Inc|20190227|NYSE|2834|/home/koshy/Desktop/Capstone/fintech/data/SEC/batch_0001/001/MRK_0000310158_10K_20181231_Item1A_excerpt.txt
1359841|HBI|Hanesbrands Inc|20190211|NYSE|5600|/home/koshy/Desktop/Capstone/fintech/data/SEC/batch_0001/001/HBI_0001359841_10K_20181229_Item1A_excerpt.txt
350698|AN|Autonation Inc|20190222|NYSE|5500|/home/koshy/Desktop/Capstone/fintech/data/SEC/batch_0001/001/AN_0000350698_10K_20181231_Item1A_excerpt.txt
79879|PPG|PPG Industries Inc|20190221|NYSE|2851|/home/koshy/Desktop/Capstone/fintech/data/SEC/batch_0001/001/PPG_0000079879_10K_20181231_Item1A_excerpt.txt
68505|MSI|Motorola Solutions Inc|20190215|NYSE|3663|/home/koshy/Desktop/Capstone/fintech/data/SEC/batch_0001/001/MSI_0000068505_10K_20181231_Item1A_excerpt.txt
723254|CTAS|Cintas Corp|20190726|NASDAQ|2320|/home/koshy/Desktop/Capstone/fintech/data/SEC/batch_0001/001/CTAS_0000723254_10K_20190531_Item1A_excerpt.txt
1103982|MDLZ|Mondelez International Inc|20190208|NASDAQ|2000|/home/koshy/Desktop/Capstone/fintech/data/SEC/batch_0001/001/MDLZ_0001103982_10K_20181231_Item1A_excerpt.txt
12659|HRB|H&R Block Inc|20190614|NYSE|7200|/home/koshy/Desktop/Capstone/fintech/data/SEC/batch_0001/001/HRB_0000012659_10K_20190430_Item1A_excerpt.txt
86312|TRV|Travelers Companies Inc|20190214|NYSE|6331|/home/koshy/Desktop/Capstone/fintech/data/SEC/batch_0001/001/TRV_0000086312_10K_20181231_Item1A_excerpt.txt
78003|PFE|Pfizer Inc|20190228|NYSE|2834|/home/koshy/Desktop/Capstone/fintech/data/SEC/batch_0001/001/PFE_0000078003_10K_20181231_Item1A_excerpt.txt
104169|WMT|Wal Mart Stores Inc|20190328|NYSE|5331|/home/koshy/Desktop/Capstone/fintech/data/SEC/batch_0001/001/WMT_0000104169_10K_20190131_Item1A_excerpt.txt
1144215|AYI|Acuity Brands Inc|20191029|NYSE|3640|/home/koshy/Desktop/Capstone/fintech/data/SEC/batch_0001/001/AYI_0001144215_10K_20190831_Item1A_excerpt.txt
66740|MMM|3M Co|20190207|NYSE|3841|/home/koshy/Desktop/Capstone/fintech/data/SEC/batch_0001/002/MMM_0000066740_10K_20181231_Item1A_excerpt.txt
1551182|ETN|Eaton Corp PLC|20190227|NYSE|3590|/home/koshy/Desktop/Capstone/fintech/data/SEC/batch_0001/002/ETN_0001551182_10K_20181231_Item1A_excerpt.txt
1158449|AAP|Advance Auto Parts Inc|20190219|NYSE|5531|/home/koshy/Desktop/Capstone/fintech/data/SEC/batch_0001/002/AAP_0001158449_10K_20181229_Item1A_excerpt.txt
1022079|DGX|Quest Diagnostics Inc|20190221|NYSE|8071|/home/koshy/Desktop/Capstone/fintech/data/SEC/batch_0001/002/DGX_0001022079_10K_20181231_Item1A_excerpt.txt
915389|EMN|Eastman Chemical Co|20190227|NYSE|2821|/home/koshy/Desktop/Capstone/fintech/data/SEC/batch_0001/002/EMN_0000915389_10K_20181231_Item1A_excerpt.txt
5272|AIG|American International Group Inc|20190215|NYSE|6331|/home/koshy/Desktop/Capstone/fintech/data/SEC/batch_0001/002/AIG_0000005272_10K_20181231_Item1A_excerpt.txt
59558|LNC|Lincoln National Corp|20190220|NYSE|6311|/home/koshy/Desktop/Capstone/fintech/data/SEC/batch_0001/002/LNC_0000059558_10K_20181231_Item1A_excerpt.txt
40987|GPC|Genuine Parts Co|20190225|NYSE|5013|/home/koshy/Desktop/Capstone/fintech/data/SEC/batch_0001/002/GPC_0000040987_10K_20181231_Item1A_excerpt.txt
832988|SIG|Signet Jewelers LTD|20190403|NYSE|5944|/home/koshy/Desktop/Capstone/fintech/data/SEC/batch_0001/002/SIG_0000832988_10K_20190202_Item1A_excerpt.txt
1418135|DPS|DR Pepper Snapple Group Inc|20190228|NYSE|2080|/home/koshy/Desktop/Capstone/fintech/data/SEC/batch_0001/002/DPS_0001418135_10K_20181231_Item1A_excerpt.txt
1510295|MPC|Marathon Petroleum Corp|20190228|NYSE|2911|/home/koshy/Desktop/Capstone/fintech/data/SEC/batch_0001/002/MPC_0001510295_10K_20181231_Item1A_excerpt.txt
849399|SYMC|Symantec Corp|20190524|NASDAQ|7372|/home/koshy/Desktop/Capstone/fintech/data/SEC/batch_0001/002/SYMC_0000849399_10K_20190329_Item1A_excerpt.txt
72903|XEL|Xcel Energy Inc|20190222|NYSE|4931|/home/koshy/Desktop/Capstone/fintech/data/SEC/batch_0001/002/XEL_0000072903_10K_20181231_Item1A_excerpt.txt
7286|PNW|ARIZONA PUBLIC SERVICE CO|20190222|None|None|/home/koshy/Desktop/Capstone/fintech/data/SEC/batch_0001/002/PNW_0000007286_10K_20181231_Item1A_excerpt.txt
30625|FLS|Flowserve Corp|20190220|NYSE|3561|/home/koshy/Desktop/Capstone/fintech/data/SEC/batch_0001/002/FLS_0000030625_10K_20181231_Item1A_excerpt.txt
6281|ADI|Analog Devices Inc|20191126|NASDAQ|3674|/home/koshy/Desktop/Capstone/fintech/data/SEC/batch_0001/002/ADI_0000006281_10K_20191102_Item1A_excerpt.txt
55387|PPL|KENTUCKY UTILITIES CO|20190214|None|None|/home/koshy/Desktop/Capstone/fintech/data/SEC/batch_0001/002/PPL_0000055387_10K_20181231_Item1A_excerpt.txt
1124198|FLR|Fluor Corp|20190221|NYSE|1600|/home/koshy/Desktop/Capstone/fintech/data/SEC/batch_0001/002/FLR_0001124198_10K_20181231_Item1A_excerpt.txt
1339947|VIAB|Viacom Inc|20191114|NASDAQ|4841|/home/koshy/Desktop/Capstone/fintech/data/SEC/batch_0001/002/VIAB_0001339947_10K_20190930_Item1A_excerpt.txt
922864|AIV|Apartment Investment & Management Co|20190220|NYSE|6798|/home/koshy/Desktop/Capstone/fintech/data/SEC/batch_0001/002/AIV_0000922864_10K_20181231_Item1A_excerpt.txt
9389|BLL|Ball Corp|20190222|NYSE|3411|/home/koshy/Desktop/Capstone/fintech/data/SEC/batch_0001/002/BLL_0000009389_10K_20181231_Item1A_excerpt.txt
1037038|RL|Ralph Lauren Corp|20190516|NYSE|2320|/home/koshy/Desktop/Capstone/fintech/data/SEC/batch_0001/002/RL_0001037038_10K_20190330_Item1A_excerpt.txt
877890|CTXS|Citrix Systems Inc|20190215|NASDAQ|7372|/home/koshy/Desktop/Capstone/fintech/data/SEC/batch_0001/002/CTXS_0000877890_10K_20181231_Item1A_excerpt.txt
1121788|GRMN|Garmin LTD|20190220|NASDAQ|3812|/home/koshy/Desktop/Capstone/fintech/data/SEC/batch_0001/002/GRMN_0001121788_10K_20181229_Item1A_excerpt.txt
1047166|URI|United Rentals North America Inc|20190123|NYSE|7359|/home/koshy/Desktop/Capstone/fintech/data/SEC/batch_0001/002/URI_0001047166_10K_20181231_Item1A_excerpt.txt
1099219|MET|Metlife Inc|20190222|NYSE|6311|/home/koshy/Desktop/Capstone/fintech/data/SEC/batch_0001/002/MET_0001099219_10K_20181231_Item1A_excerpt.txt
201533|CMS|Consumers Energy Co|20190205|NYSE|4931|/home/koshy/Desktop/Capstone/fintech/data/SEC/batch_0001/002/CMS_0000201533_10K_20181231_Item1A_excerpt.txt
1137774|PRU|Prudential Financial Inc|20190215|NYSE|6311|/home/koshy/Desktop/Capstone/fintech/data/SEC/batch_0001/002/PRU_0001137774_10K_20181231_Item1A_excerpt.txt
7332|SWN|Southwestern Energy Co|20190228|NYSE|1311|/home/koshy/Desktop/Capstone/fintech/data/SEC/batch_0001/002/SWN_0000007332_10K_20181231_Item1A_excerpt.txt
861878|SRCL|Stericycle Inc|20190228|NASDAQ|4955|/home/koshy/Desktop/Capstone/fintech/data/SEC/batch_0001/002/SRCL_0000861878_10K_20181231_Item1A_excerpt.txt
1365135|WU|Western Union Co|20190221|NYSE|7389|/home/koshy/Desktop/Capstone/fintech/data/SEC/batch_0001/002/WU_0001365135_10K_20181231_Item1A_excerpt.txt
820027|AMP|Ameriprise Financial Inc|20190227|NYSE|6282|/home/koshy/Desktop/Capstone/fintech/data/SEC/batch_0001/002/AMP_0000820027_10K_20181231_Item1A_excerpt.txt
12927|BA|Boeing Co|20190208|NYSE|3721|/home/koshy/Desktop/Capstone/fintech/data/SEC/batch_0001/002/BA_0000012927_10K_20181231_Item1A_excerpt.txt
47111|HSY|Hershey Co|20190222|NYSE|2060|/home/koshy/Desktop/Capstone/fintech/data/SEC/batch_0001/002/HSY_0000047111_10K_20181231_Item1A_excerpt.txt
13372|ES|NSTAR ELECTRIC CO|20190226|None|None|/home/koshy/Desktop/Capstone/fintech/data/SEC/batch_0001/002/ES_0000013372_10K_20181231_Item1A_excerpt.txt
5513|UNM|Unum Group|20190219|NYSE|6321|/home/koshy/Desktop/Capstone/fintech/data/SEC/batch_0001/002/UNM_0000005513_10K_20181231_Item1A_excerpt.txt
1637459|KHC|Kraft Heinz Co|20190607|None|None|/home/koshy/Desktop/Capstone/fintech/data/SEC/batch_0001/002/KHC_0001637459_10K_20181229_Item1A_excerpt.txt
764180|MO|Altria Group Inc|20190226|NYSE|2111|/home/koshy/Desktop/Capstone/fintech/data/SEC/batch_0001/002/MO_0000764180_10K_20181231_Item1A_excerpt.txt
833444|JCI|Tyco International LTD|20191121|NYSE|7380|/home/koshy/Desktop/Capstone/fintech/data/SEC/batch_0001/002/JCI_0000833444_10K_20190930_Item1A_excerpt.txt
723125|MU|Micron Technology Inc|20191017|NASDAQ|3674|/home/koshy/Desktop/Capstone/fintech/data/SEC/batch_0001/002/MU_0000723125_10K_20190829_Item1A_excerpt.txt
107263|WMB|Williams Companies Inc|20190221|NYSE|4922|/home/koshy/Desktop/Capstone/fintech/data/SEC/batch_0001/002/WMB_0000107263_10K_20181231_Item1A_excerpt.txt
1506307|KMI|Kinder Morgan Inc|20190208|NYSE|4922|/home/koshy/Desktop/Capstone/fintech/data/SEC/batch_0001/002/KMI_0001506307_10K_20181231_Item1A_excerpt.txt
732717|T|At&t Inc|20190220|NYSE|4813|/home/koshy/Desktop/Capstone/fintech/data/SEC/batch_0001/002/T_0000732717_10K_20181231_Item1A_excerpt.txt
37996|F|Ford Motor Co|20190221|NYSE|3711|/home/koshy/Desktop/Capstone/fintech/data/SEC/batch_0001/002/F_0000037996_10K_20181231_Item1A_excerpt.txt
1530721|KORS|Michael Kors Holdings LTD|20190529|NYSE|3100|/home/koshy/Desktop/Capstone/fintech/data/SEC/batch_0001/002/KORS_0001530721_10K_20190330_Item1A_excerpt.txt
1013871|NRG|NRG Energy Inc|20190228|NYSE|4911|/home/koshy/Desktop/Capstone/fintech/data/SEC/batch_0001/002/NRG_0001013871_10K_20181231_Item1A_excerpt.txt
1534701|PSX|Phillips 66|20190222|NYSE|2911|/home/koshy/Desktop/Capstone/fintech/data/SEC/batch_0001/002/PSX_0001534701_10K_20181231_Item1A_excerpt.txt
59478|LLY|Lilly Eli & Co|20190219|NYSE|2834|/home/koshy/Desktop/Capstone/fintech/data/SEC/batch_0001/002/LLY_0000059478_10K_20181231_Item1A_excerpt.txt
39911|GPS|Gap Inc|20190319|NYSE|5651|/home/koshy/Desktop/Capstone/fintech/data/SEC/batch_0001/002/GPS_0000039911_10K_20190202_Item1A_excerpt.txt
55067|K|Kellogg Co|20190225|NYSE|2040|/home/koshy/Desktop/Capstone/fintech/data/SEC/batch_0001/002/K_0000055067_10K_20181229_Item1A_excerpt.txt
27419|TGT|Target Corp|20190313|NYSE|5331|/home/koshy/Desktop/Capstone/fintech/data/SEC/batch_0001/002/TGT_0000027419_10K_20190202_Item1A_excerpt.txt
319201|KLAC|Kla Tencor Corp|20190816|NASDAQ|3827|/home/koshy/Desktop/Capstone/fintech/data/SEC/batch_0001/002/KLAC_0000319201_10K_20190630_Item1A_excerpt.txt
24545|TAP|Molson Coors Brewing Co|20190212|NYSE|2082|/home/koshy/Desktop/Capstone/fintech/data/SEC/batch_0001/002/TAP_0000024545_10K_20181231_Item1A_excerpt.txt
7084|ADM|Archer Daniels Midland Co|20190219|NYSE|2070|/home/koshy/Desktop/Capstone/fintech/data/SEC/batch_0001/002/ADM_0000007084_10K_20181231_Item1A_excerpt.txt
40704|GIS|General Mills Inc|20190628|NYSE|2040|/home/koshy/Desktop/Capstone/fintech/data/SEC/batch_0001/002/GIS_0000040704_10K_20190526_Item1A_excerpt.txt
886158|BBBY|Bed Bath & Beyond Inc|20190430|NASDAQ|5700|/home/koshy/Desktop/Capstone/fintech/data/SEC/batch_0001/002/BBBY_0000886158_10K_20190302_Item1A_excerpt.txt
60086|L|Loews Corp|20190213|NYSE|6331|/home/koshy/Desktop/Capstone/fintech/data/SEC/batch_0001/002/L_0000060086_10K_20181231_Item1A_excerpt.txt
32604|EMR|Emerson Electric Co|20191118|NYSE|3600|/home/koshy/Desktop/Capstone/fintech/data/SEC/batch_0001/002/EMR_0000032604_10K_20190930_Item1A_excerpt.txt
783325|WEC|Wisconsin Energy Corp|20190226|NYSE|4931|/home/koshy/Desktop/Capstone/fintech/data/SEC/batch_0001/002/WEC_0000783325_10K_20181231_Item1A_excerpt.txt
16732|CPB|Campbell Soup Co|20190926|NYSE|2000|/home/koshy/Desktop/Capstone/fintech/data/SEC/batch_0001/002/CPB_0000016732_10K_20190728_Item1A_excerpt.txt
106040|WDC|Western Digital Corp|20190827|NASDAQ|3572|/home/koshy/Desktop/Capstone/fintech/data/SEC/batch_0001/002/WDC_0000106040_10K_20190628_Item1A_excerpt.txt
816761|TDC|Teradata Corp|20190301|NYSE|3571|/home/koshy/Desktop/Capstone/fintech/data/SEC/batch_0001/002/TDC_0000816761_10KA_20181231_Item1A_excerpt.txt
816761|TDC|Teradata Corp|20190226|NYSE|3571|/home/koshy/Desktop/Capstone/fintech/data/SEC/batch_0001/002/TDC_0000816761_10K_20181231_Item1A_excerpt.txt
1061937|HST|HOST HOTELS & RESORTS L.P.|20190226|None|None|/home/koshy/Desktop/Capstone/fintech/data/SEC/batch_0001/002/HST_0001061937_10K_20181231_Item1A_excerpt.txt
23217|CAG|Conagra Foods Inc|20190719|NYSE|2000|/home/koshy/Desktop/Capstone/fintech/data/SEC/batch_0001/002/CAG_0000023217_10K_20190526_Item1A_excerpt.txt
764478|BBY|Best Buy Co Inc|20190328|NYSE|5731|/home/koshy/Desktop/Capstone/fintech/data/SEC/batch_0001/002/BBY_0000764478_10K_20190202_Item1A_excerpt.txt
78814|PBI|Pitney Bowes Inc|20190220|NYSE|3579|/home/koshy/Desktop/Capstone/fintech/data/SEC/batch_0001/002/PBI_0000078814_10K_20181231_Item1A_excerpt.txt
320193|AAPL|Apple Inc|20191031|NASDAQ|3571|/home/koshy/Desktop/Capstone/fintech/data/SEC/batch_0001/002/AAPL_0000320193_10K_20190928_Item1A_excerpt.txt
81033|PEG|Public Service Electric & Gas Co|20190228||4931|/home/koshy/Desktop/Capstone/fintech/data/SEC/batch_0001/002/PEG_0000081033_10K_20181231_Item1A_excerpt.txt
4904|AEP|American Electric Power Co Inc|20190221|NYSE|4911|/home/koshy/Desktop/Capstone/fintech/data/SEC/batch_0001/002/AEP_0000004904_10K_20181231_Item1A_excerpt.txt
318154|AMGN|Amgen Inc|20190213|NASDAQ|2836|/home/koshy/Desktop/Capstone/fintech/data/SEC/batch_0001/002/AMGN_0000318154_10K_20181231_Item1A_excerpt.txt
24741|GLW|Corning Inc|20190212|NYSE|3357|/home/koshy/Desktop/Capstone/fintech/data/SEC/batch_0001/002/GLW_0000024741_10K_20181231_Item1A_excerpt.txt
38777|BEN|Franklin Resources Inc|20191112|NYSE|6282|/home/koshy/Desktop/Capstone/fintech/data/SEC/batch_0001/002/BEN_0000038777_10K_20190930_Item1A_excerpt.txt
48732|CNP|CENTERPOINT ENERGY HOUSTON ELECTRIC LLC|20190228|None|None|/home/koshy/Desktop/Capstone/fintech/data/SEC/batch_0001/002/CNP_0000048732_10K_20181231_Item1A_excerpt.txt
1045609|PLD|Prologis Inc|20190213|NYSE|6798|/home/koshy/Desktop/Capstone/fintech/data/SEC/batch_0001/002/PLD_0001045609_10K_20181231_Item1A_excerpt.txt
1289490|EXR|Extra Space Storage Inc|20190226|NYSE|6798|/home/koshy/Desktop/Capstone/fintech/data/SEC/batch_0001/002/EXR_0001289490_10K_20181231_Item1A_excerpt.txt
1677703|CNDT|CONDUENT Inc|20190228|None|None|/home/koshy/Desktop/Capstone/fintech/data/SEC/batch_0001/002/CNDT_0001677703_10K_20181231_Item1A_excerpt.txt
920760|LEN|Lennar Corp|20190128|NYSE|1520|/home/koshy/Desktop/Capstone/fintech/data/SEC/batch_0001/002/LEN_0000920760_10K_20181130_Item1A_excerpt.txt
47217|HPQ|Hewlett Packard Co|20191212|NYSE|3570|/home/koshy/Desktop/Capstone/fintech/data/SEC/batch_0001/002/HPQ_0000047217_10K_20191031_Item1A_excerpt.txt
23632|ED|CONSOLIDATED EDISON CO OF NEW YORK INC|20190221|None|None|/home/koshy/Desktop/Capstone/fintech/data/SEC/batch_0001/002/ED_0000023632_10K_20181231_Item1A_excerpt.txt
732712|VZ|Verizon Communications Inc|20190215|NYSE|4813|/home/koshy/Desktop/Capstone/fintech/data/SEC/batch_0001/002/VZ_0000732712_10K_20181231_Item1A_excerpt.txt
1467858|GM|General Motors Co|20190206|NYSE|3711|/home/koshy/Desktop/Capstone/fintech/data/SEC/batch_0001/002/GM_0001467858_10K_20181231_Item1A_excerpt.txt
885639|KSS|Kohls Corp|20190322|NYSE|5311|/home/koshy/Desktop/Capstone/fintech/data/SEC/batch_0001/002/KSS_0000885639_10K_20190202_Item1A_excerpt.txt
1564708|NWS|News Corp|20190813|NASDAQ|2711|/home/koshy/Desktop/Capstone/fintech/data/SEC/batch_0001/002/NWS_0001564708_10K_20190630_Item1A_excerpt.txt
1564708|NWSA|News Corp|20190813|NASDAQ|2711|/home/koshy/Desktop/Capstone/fintech/data/SEC/batch_0001/002/NWSA_0001564708_10K_20190630_Item1A_excerpt.txt
1002047|NTAP|Netapp Inc|20190618|NASDAQ|3572|/home/koshy/Desktop/Capstone/fintech/data/SEC/batch_0001/002/NTAP_0001002047_10K_20190426_Item1A_excerpt.txt
1593034|ENDP|Endo International plc|20190228|None|None|/home/koshy/Desktop/Capstone/fintech/data/SEC/batch_0001/002/ENDP_0001593034_10K_20181231_Item1A_excerpt.txt
51434|IP|International Paper Co|20190220|NYSE|2621|/home/koshy/Desktop/Capstone/fintech/data/SEC/batch_0001/002/IP_0000051434_10K_20181231_Item1A_excerpt.txt
1267238|AIZ|Assurant Inc|20190222|NYSE|6321|/home/koshy/Desktop/Capstone/fintech/data/SEC/batch_0001/002/AIZ_0001267238_10K_20181231_Item1A_excerpt.txt
4977|AFL|Aflac Inc|20190225|NYSE|6321|/home/koshy/Desktop/Capstone/fintech/data/SEC/batch_0001/002/AFL_0000004977_10K_20181231_Item1A_excerpt.txt
1137789|STX|Seagate Technology PLC|20190802|NASDAQ|3572|/home/koshy/Desktop/Capstone/fintech/data/SEC/batch_0001/002/STX_0001137789_10K_20190628_Item1A_excerpt.txt
18926|CTL|Centurylink Inc|20190311|NYSE|4813|/home/koshy/Desktop/Capstone/fintech/data/SEC/batch_0001/002/CTL_0000018926_10K_20181231_Item1A_excerpt.txt
1031296|FE|Firstenergy Corp|20190219|NYSE|4911|/home/koshy/Desktop/Capstone/fintech/data/SEC/batch_0001/002/FE_0001031296_10K_20181231_Item1A_excerpt.txt
8192|EXC|ATLANTIC CITY ELECTRIC CO|20190208|None|None|/home/koshy/Desktop/Capstone/fintech/data/SEC/batch_0001/002/EXC_0000008192_10K_20181231_Item1A_excerpt.txt
874761|AES|Aes Corp|20190227|NYSE|4991|/home/koshy/Desktop/Capstone/fintech/data/SEC/batch_0001/002/AES_0000874761_10K_20181231_Item1A_excerpt.txt
765880|HCP|HCP Inc|20190214|NYSE|6798|/home/koshy/Desktop/Capstone/fintech/data/SEC/batch_0001/002/HCP_0000765880_10K_20181231_Item1A_excerpt.txt
874766|HIG|Hartford Financial Services Group Inc|20190222|NYSE|6331|/home/koshy/Desktop/Capstone/fintech/data/SEC/batch_0001/002/HIG_0000874766_10K_20181231_Item1A_excerpt.txt
28385|DTE|DTE Electric Co|20190207|None|None|/home/koshy/Desktop/Capstone/fintech/data/SEC/batch_0001/002/DTE_0000028385_10K_20181231_Item1A_excerpt.txt
794367|M|Macys Inc|20190403||5311|/home/koshy/Desktop/Capstone/fintech/data/SEC/batch_0001/002/M_0000794367_10K_20190202_Item1A_excerpt.txt
1274494|FSLR|First Solar Inc|20190222|NASDAQ|3674|/home/koshy/Desktop/Capstone/fintech/data/SEC/batch_0001/002/FSLR_0001274494_10K_20181231_Item1A_excerpt.txt
1451505|RIG|Transocean LTD|20190219|NYSE|1381|/home/koshy/Desktop/Capstone/fintech/data/SEC/batch_0001/002/RIG_0001451505_10K_20181231_Item1A_excerpt.txt
20520|FTR|Frontier Communications Corp|20190301|NASDAQ|4813|/home/koshy/Desktop/Capstone/fintech/data/SEC/batch_0001/002/FTR_0000020520_10K_20181231_Item1A_excerpt.txt
1385157|TEL|Te Connectivity LTD|20191112|NYSE|5065|/home/koshy/Desktop/Capstone/fintech/data/SEC/batch_0001/002/TEL_0001385157_10K_20190927_Item1A_excerpt.txt
1164727|NEM|Newmont Mining Corp|20190221|NYSE|1040|/home/koshy/Desktop/Capstone/fintech/data/SEC/batch_0001/002/NEM_0001164727_10K_20181231_Item1A_excerpt.txt
912595|MAA|Mid America Apartment Communities Inc|20190221|NYSE|6798|/home/koshy/Desktop/Capstone/fintech/data/SEC/batch_0001/002/MAA_0000912595_10K_20181231_Item1A_excerpt.txt
1593538|NAVI|NAVIENT CORP|20190226|None|None|/home/koshy/Desktop/Capstone/fintech/data/SEC/batch_0001/002/NAVI_0001593538_10K_20181231_Item1A_excerpt.txt
1024305|COTY|Coty Inc|20190828|NYSE|2844|/home/koshy/Desktop/Capstone/fintech/data/SEC/batch_0001/002/COTY_0001024305_10K_20190630_Item1A_excerpt.txt
882095|GILD|Gilead Sciences Inc|20190226|NASDAQ|2836|/home/koshy/Desktop/Capstone/fintech/data/SEC/batch_0001/002/GILD_0000882095_10K_20181231_Item1A_excerpt.txt
1645590|HPE|Hewlett Packard Enterprise Co|20191213|None|None|/home/koshy/Desktop/Capstone/fintech/data/SEC/batch_0001/002/HPE_0001645590_10K_20191031_Item1A_excerpt.txt
108772|XRX|Xerox Corp|20190225|NYSE|7389|/home/koshy/Desktop/Capstone/fintech/data/SEC/batch_0001/002/XRX_0000108772_10K_20181231_Item1A_excerpt.txt
21344|KO|Coca Cola Co|20190221|NYSE|2080|/home/koshy/Desktop/Capstone/fintech/data/SEC/batch_0001/002/KO_0000021344_10K_20181231_Item1A_excerpt.txt
63908|MCD|Mcdonalds Corp|20190222|NYSE|5812|/home/koshy/Desktop/Capstone/fintech/data/SEC/batch_0001/002/MCD_0000063908_10K_20181231_Item1A_excerpt.txt
831259|FCX|Freeport Mcmoran Copper & Gold Inc|20190215|NYSE|1000|/home/koshy/Desktop/Capstone/fintech/data/SEC/batch_0001/002/FCX_0000831259_10K_20181231_Item1A_excerpt.txt
1041061|YUM|Yum Brands Inc|20190221|NYSE|5812|/home/koshy/Desktop/Capstone/fintech/data/SEC/batch_0001/002/YUM_0001041061_10K_20181231_Item1A_excerpt.txt
101778|MRO|Marathon Oil Corp|20190221|NYSE|1311|/home/koshy/Desktop/Capstone/fintech/data/SEC/batch_0001/002/MRO_0000101778_10K_20181231_Item1A_excerpt.txt
39899|TGNA|Gannett Co Inc|20190301|NYSE|2711|/home/koshy/Desktop/Capstone/fintech/data/SEC/batch_0001/002/TGNA_0000039899_10K_20181231_Item1A_excerpt.txt
769397|ADSK|Autodesk Inc|20190325|NASDAQ|7372|/home/koshy/Desktop/Capstone/fintech/data/SEC/batch_0001/002/ADSK_0000769397_10K_20190131_Item1A_excerpt.txt
1358071|CXO|Concho Resources Inc|20190220|NYSE|1311|/home/koshy/Desktop/Capstone/fintech/data/SEC/batch_0001/002/CXO_0001358071_10K_20181231_Item1A_excerpt.txt
1336917|UAA|Under Armour Inc|20190225|NYSE|2300|/home/koshy/Desktop/Capstone/fintech/data/SEC/batch_0001/002/UAA_0001336917_10K_20181231_Item1A_excerpt.txt
797468|OXY|Occidental Petroleum Corp|20190221|NYSE|1311|/home/koshy/Desktop/Capstone/fintech/data/SEC/batch_0001/002/OXY_0000797468_10K_20181231_Item1A_excerpt.txt
1039684|OKE|Oneok Inc|20190226|NYSE|4923|/home/koshy/Desktop/Capstone/fintech/data/SEC/batch_0001/003/OKE_0001039684_10K_20181231_Item1A_excerpt.txt
1021860|NOV|National Oilwell Varco Inc|20190214|NYSE|3533|/home/koshy/Desktop/Capstone/fintech/data/SEC/batch_0001/003/NOV_0001021860_10K_20181231_Item1A_excerpt.txt
1168054|XEC|Cimarex Energy Co|20190220|NYSE|1311|/home/koshy/Desktop/Capstone/fintech/data/SEC/batch_0001/003/XEC_0001168054_10K_20181231_Item1A_excerpt.txt
1336917|UA|Under Armour Inc|20190225|NYSE|2300|/home/koshy/Desktop/Capstone/fintech/data/SEC/batch_0001/003/UA_0001336917_10K_20181231_Item1A_excerpt.txt
1018724|AMZN|Amazon Com Inc|20190201|NASDAQ|5961|/home/koshy/Desktop/Capstone/fintech/data/SEC/batch_0001/003/AMZN_0001018724_10K_20181231_Item1A_excerpt.txt
87347|SLB|Schlumberger LTD|20190123|NYSE|1389|/home/koshy/Desktop/Capstone/fintech/data/SEC/batch_0001/003/SLB_0000087347_10K_20181231_Item1A_excerpt.txt
808362|BHI|Baker Hughes Inc|20190219|NYSE|3533|/home/koshy/Desktop/Capstone/fintech/data/SEC/batch_0001/003/BHI_0000808362_10K_20181231_Item1A_excerpt.txt
33213|EQT|Eqt Corp|20190214|NYSE|1311|/home/koshy/Desktop/Capstone/fintech/data/SEC/batch_0001/003/EQT_0000033213_10K_20181231_Item1A_excerpt.txt
899866|ALXN|Alexion Pharmaceuticals Inc|20190206|NASDAQ|2834|/home/koshy/Desktop/Capstone/fintech/data/SEC/batch_0001/003/ALXN_0000899866_10K_20181231_Item1A_excerpt.txt
1065280|NFLX|Netflix Inc|20190129|NASDAQ|7841|/home/koshy/Desktop/Capstone/fintech/data/SEC/batch_0001/003/NFLX_0001065280_10K_20181231_Item1A_excerpt.txt
1108524|CRM|Salesforce Com Inc|20190308|NYSE|7372|/home/koshy/Desktop/Capstone/fintech/data/SEC/batch_0001/003/CRM_0001108524_10K_20190131_Item1A_excerpt.txt
796343|ADBE|Adobe Systems Inc|20190125|NASDAQ|7372|/home/koshy/Desktop/Capstone/fintech/data/SEC/batch_0001/003/ADBE_0000796343_10K_20181130_Item1A_excerpt.txt
1652044|GOOGL|Alphabet Inc.|20190205|None|None|/home/koshy/Desktop/Capstone/fintech/data/SEC/batch_0001/003/GOOGL_0001652044_10K_20181231_Item1A_excerpt.txt
1633917|PYPL|PayPal Holdings, Inc.|20190207|None|None|/home/koshy/Desktop/Capstone/fintech/data/SEC/batch_0001/003/PYPL_0001633917_10K_20181231_Item1A_excerpt.txt
4447|HES|Hess Corp|20190221|NYSE|2911|/home/koshy/Desktop/Capstone/fintech/data/SEC/batch_0001/003/HES_0000004447_10K_20181231_Item1A_excerpt.txt
6769|APA|Apache Corp|20190301|NYSE|1311|/home/koshy/Desktop/Capstone/fintech/data/SEC/batch_0001/003/APA_0000006769_10K_20181231_Item1A_excerpt.txt
872589|REGN|Regeneron Pharmaceuticals Inc|20190207|NASDAQ|2834|/home/koshy/Desktop/Capstone/fintech/data/SEC/batch_0001/003/REGN_0000872589_10K_20181231_Item1A_excerpt.txt
72207|NBL|Noble Energy Inc|20190219|NYSE|1311|/home/koshy/Desktop/Capstone/fintech/data/SEC/batch_0001/003/NBL_0000072207_10K_20181231_Item1A_excerpt.txt
816284|CELG|Celgene Corp|20190226|NASDAQ|2834|/home/koshy/Desktop/Capstone/fintech/data/SEC/batch_0001/003/CELG_0000816284_10K_20181231_Item1A_excerpt.txt
1090012|DVN|Devon Energy Corp|20190220|NYSE|1311|/home/koshy/Desktop/Capstone/fintech/data/SEC/batch_0001/003/DVN_0001090012_10K_20181231_Item1A_excerpt.txt
1075531|PCLN|Priceline Com Inc|20190227|NASDAQ|7389|/home/koshy/Desktop/Capstone/fintech/data/SEC/batch_0001/003/PCLN_0001075531_10K_20181231_Item1A_excerpt.txt
1403568|ULTA|Ulta Salon Cosmetics & Fragrance Inc|20190402|NASDAQ|5990|/home/koshy/Desktop/Capstone/fintech/data/SEC/batch_0001/003/ULTA_0001403568_10K_20190202_Item1A_excerpt.txt
773910|APC|Anadarko Petroleum Corp|20190214|NYSE|1311|/home/koshy/Desktop/Capstone/fintech/data/SEC/batch_0001/003/APC_0000773910_10K_20181231_Item1A_excerpt.txt
1086222|AKAM|Akamai Technologies Inc|20190228|NASDAQ|7389|/home/koshy/Desktop/Capstone/fintech/data/SEC/batch_0001/003/AKAM_0001086222_10K_20181231_Item1A_excerpt.txt
1087423|RHT|Red Hat Inc|20190424|NYSE|7370|/home/koshy/Desktop/Capstone/fintech/data/SEC/batch_0001/003/RHT_0001087423_10K_20190228_Item1A_excerpt.txt
1324424|EXPE|Expedia Inc|20190208|NASDAQ|4700|/home/koshy/Desktop/Capstone/fintech/data/SEC/batch_0001/003/EXPE_0001324424_10K_20181231_Item1A_excerpt.txt
1058090|CMG|Chipotle Mexican Grill Inc|20190208|NYSE|5812|/home/koshy/Desktop/Capstone/fintech/data/SEC/batch_0001/003/CMG_0001058090_10K_20181231_Item1A_excerpt.txt
1045810|NVDA|Nvidia Corp|20190221|NASDAQ|3674|/home/koshy/Desktop/Capstone/fintech/data/SEC/batch_0001/003/NVDA_0001045810_10K_20190127_Item1A_excerpt.txt
1403161|V|Visa Inc|20191114|NYSE|7389|/home/koshy/Desktop/Capstone/fintech/data/SEC/batch_0001/003/V_0001403161_10K_20190930_Item1A_excerpt.txt
34088|XOM|Exxon Mobil Corp|20190227|NYSE|2911|/home/koshy/Desktop/Capstone/fintech/data/SEC/batch_0001/003/XOM_0000034088_10K_20181231_Item1A_excerpt.txt
1526520|TRIP|Tripadvisor Inc|20190222|NASDAQ|7370|/home/koshy/Desktop/Capstone/fintech/data/SEC/batch_0001/003/TRIP_0001526520_10K_20181231_Item1A_excerpt.txt
865752|MNST|Monster Beverage Corp|20190228||2086|/home/koshy/Desktop/Capstone/fintech/data/SEC/batch_0001/003/MNST_0000865752_10K_20181231_Item1A_excerpt.txt
316709|SCHW|Schwab Charles Corp|20190222|NYSE|6211|/home/koshy/Desktop/Capstone/fintech/data/SEC/batch_0001/003/SCHW_0000316709_10K_20181231_Item1A_excerpt.txt
707549|LRCX|Lam Research Corp|20190820|NASDAQ|3559|/home/koshy/Desktop/Capstone/fintech/data/SEC/batch_0001/003/LRCX_0000707549_10K_20190630_Item1A_excerpt.txt
1141391|MA|Mastercard Inc|20190213|NYSE|7389|/home/koshy/Desktop/Capstone/fintech/data/SEC/batch_0001/003/MA_0001141391_10K_20181231_Item1A_excerpt.txt
1110803|ILMN|Illumina Inc|20190212|NASDAQ|3826|/home/koshy/Desktop/Capstone/fintech/data/SEC/batch_0001/003/ILMN_0001110803_10K_20181230_Item1A_excerpt.txt
1101239|EQIX|Equinix Inc|20190222|NASDAQ|4813|/home/koshy/Desktop/Capstone/fintech/data/SEC/batch_0001/003/EQIX_0001101239_10K_20181231_Item1A_excerpt.txt
29915|DOW|Dow Chemical Co|20190211|NYSE|2821|/home/koshy/Desktop/Capstone/fintech/data/SEC/batch_0001/003/DOW_0000029915_10K_20181231_Item1A_excerpt.txt
858470|COG|Cabot Oil & Gas Corp|20190226|NYSE|1311|/home/koshy/Desktop/Capstone/fintech/data/SEC/batch_0001/003/COG_0000858470_10K_20181231_Item1A_excerpt.txt
45012|HAL|Halliburton Co|20190213|NYSE|1389|/home/koshy/Desktop/Capstone/fintech/data/SEC/batch_0001/003/HAL_0000045012_10K_20181231_Item1A_excerpt.txt
895126|CHK|Chesapeake Energy Corp|20190227|NYSE|1311|/home/koshy/Desktop/Capstone/fintech/data/SEC/batch_0001/003/CHK_0000895126_10K_20181231_Item1A_excerpt.txt
1038357|PXD|Pioneer Natural Resources Co|20190226|NYSE|1311|/home/koshy/Desktop/Capstone/fintech/data/SEC/batch_0001/003/PXD_0001038357_10K_20181231_Item1A_excerpt.txt
821189|EOG|Eog Resources Inc|20190226|NYSE|1311|/home/koshy/Desktop/Capstone/fintech/data/SEC/batch_0001/003/EOG_0000821189_10K_20181231_Item1A_excerpt.txt
875320|VRTX|Vertex Pharmaceuticals Inc|20190213|NASDAQ|2834|/home/koshy/Desktop/Capstone/fintech/data/SEC/batch_0001/003/VRTX_0000875320_10K_20181231_Item1A_excerpt.txt
1326801|FB|Facebook Inc|20190131|NASDAQ|7370|/home/koshy/Desktop/Capstone/fintech/data/SEC/batch_0001/003/FB_0001326801_10K_20181231_Item1A_excerpt.txt
315852|RRC|Range Resources Corp|20190225|NYSE|1311|/home/koshy/Desktop/Capstone/fintech/data/SEC/batch_0001/003/RRC_0000315852_10K_20181231_Item1A_excerpt.txt
46765|HP|Helmerich & Payne Inc|20191115|NYSE|1381|/home/koshy/Desktop/Capstone/fintech/data/SEC/batch_0001/003/HP_0000046765_10K_20190930_Item1A_excerpt.txt
882184|DHI|Horton D R Inc|20191125|NYSE|1531|/home/koshy/Desktop/Capstone/fintech/data/SEC/batch_0001/003/DHI_0000882184_10K_20190930_Item1A_excerpt.txt
19617|JPM|Jpmorgan Chase & Co|20190226|NYSE|6021|/home/koshy/Desktop/Capstone/fintech/data/SEC/batch_0001/003/JPM_0000019617_10K_20181231_Item1A_excerpt.txt
93410|CVX|Chevron Corp|20190222|NYSE|2911|/home/koshy/Desktop/Capstone/fintech/data/SEC/batch_0001/003/CVX_0000093410_10K_20181231_Item1A_excerpt.txt
51143|IBM|International Business Machines Corp|20190226|NYSE|3570|/home/koshy/Desktop/Capstone/fintech/data/SEC/batch_0001/003/IBM_0000051143_10K_20181231_Item1A_excerpt.txt
1101215|ADS|Alliance Data Systems Corp|20190226|NYSE|7389|/home/koshy/Desktop/Capstone/fintech/data/SEC/batch_0001/003/ADS_0001101215_10K_20181231_Item1A_excerpt.txt
1020569|IRM|Iron Mountain Inc|20190214|NYSE|4220|/home/koshy/Desktop/Capstone/fintech/data/SEC/batch_0001/003/IRM_0001020569_10K_20181231_Item1A_excerpt.txt
1035267|ISRG|Intuitive Surgical Inc|20190204|NASDAQ|3842|/home/koshy/Desktop/Capstone/fintech/data/SEC/batch_0001/003/ISRG_0001035267_10K_20181231_Item1A_excerpt.txt
1004434|AMG|Affiliated Managers Group Inc|20190222|NYSE|6282|/home/koshy/Desktop/Capstone/fintech/data/SEC/batch_0001/003/AMG_0001004434_10K_20181231_Item1A_excerpt.txt
1396009|VMC|Vulcan Materials Co|20190226|NYSE|1400|/home/koshy/Desktop/Capstone/fintech/data/SEC/batch_0001/003/VMC_0001396009_10K_20181231_Item1A_excerpt.txt
1058290|CTSH|Cognizant Technology Solutions Corp|20190219|NASDAQ|7371|/home/koshy/Desktop/Capstone/fintech/data/SEC/batch_0001/003/CTSH_0001058290_10K_20181231_Item1A_excerpt.txt
829224|SBUX|Starbucks Corp|20191115|NASDAQ|5810|/home/koshy/Desktop/Capstone/fintech/data/SEC/batch_0001/003/SBUX_0000829224_10K_20190929_Item1A_excerpt.txt
896878|INTU|Intuit Inc|20190830|NASDAQ|7372|/home/koshy/Desktop/Capstone/fintech/data/SEC/batch_0001/003/INTU_0000896878_10K_20190731_Item1A_excerpt.txt
874716|IDXX|Idexx Laboratories Inc|20190215|NASDAQ|2835|/home/koshy/Desktop/Capstone/fintech/data/SEC/batch_0001/003/IDXX_0000874716_10K_20181231_Item1A_excerpt.txt
1048286|MAR|Marriott International Inc|20190301|NASDAQ|7011|/home/koshy/Desktop/Capstone/fintech/data/SEC/batch_0001/003/MAR_0001048286_10K_20181231_Item1A_excerpt.txt
1071739|CNC|Centene Corp|20190219|NYSE|6324|/home/koshy/Desktop/Capstone/fintech/data/SEC/batch_0001/003/CNC_0001071739_10K_20181231_Item1A_excerpt.txt
728535|JBHT|Hunt J B Transport Services Inc|20190222|NASDAQ|4213|/home/koshy/Desktop/Capstone/fintech/data/SEC/batch_0001/003/JBHT_0000728535_10K_20181231_Item1A_excerpt.txt
1604778|QRVO|Qorvo, Inc.|20190517|None|None|/home/koshy/Desktop/Capstone/fintech/data/SEC/batch_0001/003/QRVO_0001604778_10K_20190330_Item1A_excerpt.txt
789019|MSFT|Microsoft Corp|20190801|NASDAQ|7372|/home/koshy/Desktop/Capstone/fintech/data/SEC/batch_0001/003/MSFT_0000789019_10K_20190630_Item1A_excerpt.txt
1099800|EW|Edwards Lifesciences Corp|20190215|NYSE|3842|/home/koshy/Desktop/Capstone/fintech/data/SEC/batch_0001/003/EW_0001099800_10K_20181231_Item1A_excerpt.txt
804753|CERN|Cerner Corp|20190208|NASDAQ|7373|/home/koshy/Desktop/Capstone/fintech/data/SEC/batch_0001/003/CERN_0000804753_10K_20181229_Item1A_excerpt.txt
320187|NKE|Nike Inc|20190723|NYSE|3021|/home/koshy/Desktop/Capstone/fintech/data/SEC/batch_0001/003/NKE_0000320187_10K_20190531_Item1A_excerpt.txt
3153|SO|Alabama Power Co|20190220|NYSE|4911|/home/koshy/Desktop/Capstone/fintech/data/SEC/batch_0001/003/SO_0000003153_10K_20181231_Item1A_excerpt.txt
1551152|ABBV|Abbvie Inc|20190227|NYSE|2834|/home/koshy/Desktop/Capstone/fintech/data/SEC/batch_0001/003/ABBV_0001551152_10K_20181231_Item1A_excerpt.txt
1123360|GPN|Global Payments Inc|20190221|NYSE|7389|/home/koshy/Desktop/Capstone/fintech/data/SEC/batch_0001/003/GPN_0001123360_10K_20181231_Item1A_excerpt.txt
822416|PHM|Pultegroup Inc|20190131|NYSE|1531|/home/koshy/Desktop/Capstone/fintech/data/SEC/batch_0001/003/PHM_0000822416_10K_20181231_Item1A_excerpt.txt
75362|PCAR|Paccar Inc|20190221|NASDAQ|3711|/home/koshy/Desktop/Capstone/fintech/data/SEC/batch_0001/003/PCAR_0000075362_10K_20181231_Item1A_excerpt.txt
202058|HRS|Harris Corp|20190822|NYSE|3812|/home/koshy/Desktop/Capstone/fintech/data/SEC/batch_0001/003/HRS_0000202058_10K_20190628_Item1A_excerpt.txt
916076|MLM|Martin Marietta Materials Inc|20190225|NYSE|1400|/home/koshy/Desktop/Capstone/fintech/data/SEC/batch_0001/003/MLM_0000916076_10K_20181231_Item1A_excerpt.txt
766421|ALK|Alaska Air Group Inc|20190215|NYSE|4512|/home/koshy/Desktop/Capstone/fintech/data/SEC/batch_0001/003/ALK_0000766421_10K_20181231_Item1A_excerpt.txt
80661|PGR|Progressive Corp|20190227|NYSE|6331|/home/koshy/Desktop/Capstone/fintech/data/SEC/batch_0001/003/PGR_0000080661_10K_20181231_Item1A_excerpt.txt
30554|DD|Dupont E I De Nemours & Co|20190211|NYSE|2820|/home/koshy/Desktop/Capstone/fintech/data/SEC/batch_0001/003/DD_0000030554_10K_20181231_Item1A_excerpt.txt
731766|UNH|Unitedhealth Group Inc|20190212|NYSE|6324|/home/koshy/Desktop/Capstone/fintech/data/SEC/batch_0001/003/UNH_0000731766_10K_20181231_Item1A_excerpt.txt
8670|ADP|Automatic Data Processing Inc|20190809|NASDAQ|7374|/home/koshy/Desktop/Capstone/fintech/data/SEC/batch_0001/003/ADP_0000008670_10K_20190630_Item1A_excerpt.txt
29534|DG|Dollar General Corp|20190322|NYSE|5331|/home/koshy/Desktop/Capstone/fintech/data/SEC/batch_0001/003/DG_0000029534_10K_20190201_Item1A_excerpt.txt
354190|AJG|Gallagher Arthur J & Co|20190208|NYSE|6411|/home/koshy/Desktop/Capstone/fintech/data/SEC/batch_0001/003/AJG_0000354190_10K_20181231_Item1A_excerpt.txt
1364742|BLK|Blackrock Inc|20190228|NYSE|6211|/home/koshy/Desktop/Capstone/fintech/data/SEC/batch_0001/003/BLK_0001364742_10K_20181231_Item1A_excerpt.txt
914208|IVZ|Invesco LTD|20190222|NYSE|6282|/home/koshy/Desktop/Capstone/fintech/data/SEC/batch_0001/003/IVZ_0000914208_10K_20181231_Item1A_excerpt.txt
915912|AVB|Avalonbay Communities Inc|20190222|NYSE|6798|/home/koshy/Desktop/Capstone/fintech/data/SEC/batch_0001/003/AVB_0000915912_10K_20181231_Item1A_excerpt.txt
1111711|NI|Nisource Inc|20190220|NYSE|4931|/home/koshy/Desktop/Capstone/fintech/data/SEC/batch_0001/003/NI_0001111711_10K_20181231_Item1A_excerpt.txt
1324404|CF|CF Industries Holdings Inc|20190222|NYSE|2870|/home/koshy/Desktop/Capstone/fintech/data/SEC/batch_0001/003/CF_0001324404_10K_20181231_Item1A_excerpt.txt
915913|ALB|Albemarle Corp|20190227|NYSE|2821|/home/koshy/Desktop/Capstone/fintech/data/SEC/batch_0001/003/ALB_0000915913_10K_20181231_Item1A_excerpt.txt
717423|MUR|Murphy Oil Corp|20190227|NYSE|2911|/home/koshy/Desktop/Capstone/fintech/data/SEC/batch_0001/003/MUR_0000717423_10K_20181231_Item1A_excerpt.txt
1437107|DISCK|Discovery Communications Inc|20190301|NASDAQ|4841|/home/koshy/Desktop/Capstone/fintech/data/SEC/batch_0001/003/DISCK_0001437107_10K_20181231_Item1A_excerpt.txt
1015780|ETFC|E Trade Financial Corp|20190221|NASDAQ|6035|/home/koshy/Desktop/Capstone/fintech/data/SEC/batch_0001/003/ETFC_0001015780_10KA_20181231_Item1A_excerpt.txt
1015780|ETFC|E Trade Financial Corp|20190220|NASDAQ|6035|/home/koshy/Desktop/Capstone/fintech/data/SEC/batch_0001/003/ETFC_0001015780_10K_20181231_Item1A_excerpt.txt
33185|EFX|Equifax Inc|20190221|NYSE|7320|/home/koshy/Desktop/Capstone/fintech/data/SEC/batch_0001/003/EFX_0000033185_10K_20181231_Item1A_excerpt.txt
1800|ABT|Abbott Laboratories|20190222|NYSE|2834|/home/koshy/Desktop/Capstone/fintech/data/SEC/batch_0001/003/ABT_0000001800_10K_20181231_Item1A_excerpt.txt
723531|PAYX|Paychex Inc|20190724|NASDAQ|8700|/home/koshy/Desktop/Capstone/fintech/data/SEC/batch_0001/003/PAYX_0000723531_10K_20190531_Item1A_excerpt.txt
902739|CMCSA|NBCUniversal Media, LLC|20190131|None|None|/home/koshy/Desktop/Capstone/fintech/data/SEC/batch_0001/003/CMCSA_0000902739_10K_20181231_Item1A_excerpt.txt
882835|ROP|Roper Industries Inc|20190225|NYSE|3823|/home/koshy/Desktop/Capstone/fintech/data/SEC/batch_0001/003/ROP_0000882835_10K_20181231_Item1A_excerpt.txt
1578845|AGN|Actavis PLC|20190215|NYSE|2834|/home/koshy/Desktop/Capstone/fintech/data/SEC/batch_0001/003/AGN_0001578845_10K_20181231_Item1A_excerpt.txt
909832|COST|Costco Wholesale Corp|20191011|NASDAQ|5331|/home/koshy/Desktop/Capstone/fintech/data/SEC/batch_0001/003/COST_0000909832_10K_20190901_Item1A_excerpt.txt
1519751|FBHS|Fortune Brands Home & Security Inc|20190225|NYSE|1520|/home/koshy/Desktop/Capstone/fintech/data/SEC/batch_0001/003/FBHS_0001519751_10K_20181231_Item1A_excerpt.txt
203527|VAR|Varian Medical Systems Inc|20191125|NYSE|3845|/home/koshy/Desktop/Capstone/fintech/data/SEC/batch_0001/003/VAR_0000203527_10K_20190927_Item1A_excerpt.txt
16918|STZ|Constellation Brands Inc|20190423|NYSE|2080|/home/koshy/Desktop/Capstone/fintech/data/SEC/batch_0001/003/STZ_0000016918_10K_20190228_Item1A_excerpt.txt
885725|BSX|Boston Scientific Corp|20190219|NYSE|3841|/home/koshy/Desktop/Capstone/fintech/data/SEC/batch_0001/003/BSX_0000885725_10K_20181231_Item1A_excerpt.txt
4127|SWKS|Skyworks Solutions Inc|20191114|NASDAQ|3674|/home/koshy/Desktop/Capstone/fintech/data/SEC/batch_0001/003/SWKS_0000004127_10K_20190927_Item1A_excerpt.txt
875045|BIIB|Biogen Idec Inc|20190206|NASDAQ|2836|/home/koshy/Desktop/Capstone/fintech/data/SEC/batch_0001/003/BIIB_0000875045_10K_20181231_Item1A_excerpt.txt
898173|ORLY|O Reilly Automotive Inc|20190227|NASDAQ|5531|/home/koshy/Desktop/Capstone/fintech/data/SEC/batch_0001/003/ORLY_0000898173_10K_20181231_Item1A_excerpt.txt
109198|TJX|TJX Companies Inc|20190403|NYSE|5651|/home/koshy/Desktop/Capstone/fintech/data/SEC/batch_0001/003/TJX_0000109198_10K_20190202_Item1A_excerpt.txt
1138118|CBG|Cbre Group Inc|20190301|NYSE|6500|/home/koshy/Desktop/Capstone/fintech/data/SEC/batch_0001/003/CBG_0001138118_10K_20181231_Item1A_excerpt.txt
1467373|ACN|Accenture PLC|20191029|NYSE|7389|/home/koshy/Desktop/Capstone/fintech/data/SEC/batch_0001/003/ACN_0001467373_10K_20190831_Item1A_excerpt.txt
916365|TSCO|Tractor Supply Co|20190221|NASDAQ|5200|/home/koshy/Desktop/Capstone/fintech/data/SEC/batch_0001/003/TSCO_0000916365_10K_20181229_Item1A_excerpt.txt
315189|DE|Deere & Co|20191219|NYSE|3523|/home/koshy/Desktop/Capstone/fintech/data/SEC/batch_0001/003/DE_0000315189_10K_20191103_Item1A_excerpt.txt
745732|ROST|Ross Stores Inc|20190402|NASDAQ|5651|/home/koshy/Desktop/Capstone/fintech/data/SEC/batch_0001/003/ROST_0000745732_10K_20190202_Item1A_excerpt.txt
49196|HBAN|Huntington Bancshares Inc|20190215|NASDAQ|6021|/home/koshy/Desktop/Capstone/fintech/data/SEC/batch_0001/003/HBAN_0000049196_10K_20181231_Item1A_excerpt.txt
352915|UHS|Universal Health Services Inc|20190227|NYSE|8062|/home/koshy/Desktop/Capstone/fintech/data/SEC/batch_0001/003/UHS_0000352915_10K_20181231_Item1A_excerpt.txt
712515|EA|Electronic Arts Inc|20190524|NASDAQ|7372|/home/koshy/Desktop/Capstone/fintech/data/SEC/batch_0001/003/EA_0000712515_10K_20190331_Item1A_excerpt.txt
759944|CFG|CITIZENS FINANCIAL GROUP INC/RI|20190221|None|None|/home/koshy/Desktop/Capstone/fintech/data/SEC/batch_0001/004/CFG_0000759944_10K_20181231_Item1A_excerpt.txt
912242|MAC|Macerich Co|20190225|NYSE|6798|/home/koshy/Desktop/Capstone/fintech/data/SEC/batch_0001/004/MAC_0000912242_10K_20181231_Item1A_excerpt.txt
1156039|ANTM|Wellpoint Inc|20190220|NYSE|6324|/home/koshy/Desktop/Capstone/fintech/data/SEC/batch_0001/004/ANTM_0001156039_10K_20181231_Item1A_excerpt.txt
920522|ESS|Essex Property Trust Inc|20190221|NYSE|6798|/home/koshy/Desktop/Capstone/fintech/data/SEC/batch_0001/004/ESS_0000920522_10K_20181231_Item1A_excerpt.txt
91419|SJM|Smucker J M Co|20190617|NYSE|2033|/home/koshy/Desktop/Capstone/fintech/data/SEC/batch_0001/004/SJM_0000091419_10K_20190430_Item1A_excerpt.txt
1053507|AMT|American Tower Corp|20190227|NYSE|6798|/home/koshy/Desktop/Capstone/fintech/data/SEC/batch_0001/004/AMT_0001053507_10K_20181231_Item1A_excerpt.txt
1170010|KMX|Carmax Inc|20190419|NYSE|5500|/home/koshy/Desktop/Capstone/fintech/data/SEC/batch_0001/004/KMX_0001170010_10K_20190228_Item1A_excerpt.txt
815097|CCL|Carnival Corp|20190128|NYSE|4400|/home/koshy/Desktop/Capstone/fintech/data/SEC/batch_0001/004/CCL_0000815097_10K_20181130_Item1A_excerpt.txt
1001250|EL|Estee Lauder Companies Inc|20190823|NYSE|2844|/home/koshy/Desktop/Capstone/fintech/data/SEC/batch_0001/004/EL_0001001250_10K_20190630_Item1A_excerpt.txt
1059556|MCO|Moodys Corp|20190225|NYSE|7320|/home/koshy/Desktop/Capstone/fintech/data/SEC/batch_0001/004/MCO_0001059556_10K_20181231_Item1A_excerpt.txt
64803|CVS|CVS Caremark Corp|20190228|NYSE|5912|/home/koshy/Desktop/Capstone/fintech/data/SEC/batch_0001/004/CVS_0000064803_10K_20181231_Item1A_excerpt.txt
86521|SRE|San Diego Gas & Electric Co|20190226||4931|/home/koshy/Desktop/Capstone/fintech/data/SEC/batch_0001/004/SRE_0000086521_10K_20181231_Item1A_excerpt.txt
1297996|DLR|Digital Realty Trust Inc|20190225|NYSE|6798|/home/koshy/Desktop/Capstone/fintech/data/SEC/batch_0001/004/DLR_0001297996_10K_20181231_Item1A_excerpt.txt
1091667|CHTR|Charter Communications Inc|20190131|NASDAQ|4841|/home/koshy/Desktop/Capstone/fintech/data/SEC/batch_0001/004/CHTR_0001091667_10K_20181231_Item1A_excerpt.txt
1442145|VRSK|Verisk Analytics Inc|20190219|NASDAQ|7374|/home/koshy/Desktop/Capstone/fintech/data/SEC/batch_0001/004/VRSK_0001442145_10K_20181231_Item1A_excerpt.txt
54480|KSU|Kansas City Southern|20190125|NYSE|4011|/home/koshy/Desktop/Capstone/fintech/data/SEC/batch_0001/004/KSU_0000054480_10K_20181231_Item1A_excerpt.txt
746515|EXPD|Expeditors International Of Washington Inc|20190222|NASDAQ|4731|/home/koshy/Desktop/Capstone/fintech/data/SEC/batch_0001/004/EXPD_0000746515_10K_20181231_Item1A_excerpt.txt
1585364|PRGO|Perrigo Co PLC|20190227|NYSE|2834|/home/koshy/Desktop/Capstone/fintech/data/SEC/batch_0001/004/PRGO_0001585364_10K_20181231_Item1A_excerpt.txt
1378946|PBCT|Peoples United Financial Inc|20190301|NASDAQ|6035|/home/koshy/Desktop/Capstone/fintech/data/SEC/batch_0001/004/PBCT_0001378946_10K_20181231_Item1A_excerpt.txt
310764|SYK|Stryker Corp|20190207|NYSE|3841|/home/koshy/Desktop/Capstone/fintech/data/SEC/batch_0001/004/SYK_0000310764_10K_20181231_Item1A_excerpt.txt
96223|LUK|Leucadia National Corp|20190129|NYSE|2011|/home/koshy/Desktop/Capstone/fintech/data/SEC/batch_0001/004/LUK_0000096223_10KT_20181130_Item1A_excerpt.txt
1555280|ZTS|Zoetis Inc|20190214|NYSE|2834|/home/koshy/Desktop/Capstone/fintech/data/SEC/batch_0001/004/ZTS_0001555280_10K_20181231_Item1A_excerpt.txt
1048695|FFIV|F5 Networks Inc|20191115|NASDAQ|3576|/home/koshy/Desktop/Capstone/fintech/data/SEC/batch_0001/004/FFIV_0001048695_10K_20190930_Item1A_excerpt.txt
1133421|NOC|Northrop Grumman Corp|20190131|NYSE|3812|/home/koshy/Desktop/Capstone/fintech/data/SEC/batch_0001/004/NOC_0001133421_10K_20181231_Item1A_excerpt.txt
1521332|DLPH|Delphi Automotive PLC|20190204|NYSE|3714|/home/koshy/Desktop/Capstone/fintech/data/SEC/batch_0001/004/DLPH_0001521332_10K_20181231_Item1A_excerpt.txt
1285785|MOS|Mosaic Co|20190313|NYSE|2870|/home/koshy/Desktop/Capstone/fintech/data/SEC/batch_0001/004/MOS_0001285785_10K_20181231_Item1A_excerpt.txt
721683|TSS|Total System Services Inc|20190221|NYSE|7389|/home/koshy/Desktop/Capstone/fintech/data/SEC/batch_0001/004/TSS_0000721683_10K_20181231_Item1A_excerpt.txt
34903|FRT|Federal Realty Investment Trust|20190213|NYSE|6798|/home/koshy/Desktop/Capstone/fintech/data/SEC/batch_0001/004/FRT_0000034903_10K_20181231_Item1A_excerpt.txt
935703|DLTR|Dollar Tree Inc|20190327|NASDAQ|5331|/home/koshy/Desktop/Capstone/fintech/data/SEC/batch_0001/004/DLTR_0000935703_10K_20190202_Item1A_excerpt.txt
804328|QCOM|Qualcomm Inc|20191106|NASDAQ|3663|/home/koshy/Desktop/Capstone/fintech/data/SEC/batch_0001/004/QCOM_0000804328_10K_20190929_Item1A_excerpt.txt
1037540|BXP|Boston Properties Inc|20190228|NYSE|6798|/home/koshy/Desktop/Capstone/fintech/data/SEC/batch_0001/004/BXP_0001037540_10K_20181231_Item1A_excerpt.txt
51253|IFF|International Flavors & Fragrances Inc|20190226|NYSE|2860|/home/koshy/Desktop/Capstone/fintech/data/SEC/batch_0001/004/IFF_0000051253_10K_20181231_Item1A_excerpt.txt
818479|XRAY|Dentsply International Inc|20190308|NASDAQ|3843|/home/koshy/Desktop/Capstone/fintech/data/SEC/batch_0001/004/XRAY_0000818479_10K_20181231_Item1A_excerpt.txt
711404|COO|Cooper Companies Inc|20191220|NYSE|3851|/home/koshy/Desktop/Capstone/fintech/data/SEC/batch_0001/004/COO_0000711404_10K_20191031_Item1A_excerpt.txt
2969|APD|Air Products & Chemicals Inc|20191126|NYSE|2810|/home/koshy/Desktop/Capstone/fintech/data/SEC/batch_0001/004/APD_0000002969_10K_20190930_Item1A_excerpt.txt
109380|ZION|Zions Bancorporation|20190226|NASDAQ|6021|/home/koshy/Desktop/Capstone/fintech/data/SEC/batch_0001/004/ZION_0000109380_10K_20181231_Item1A_excerpt.txt
14693|BFB|Brown Forman Corp|20190613||2080|/home/koshy/Desktop/Capstone/fintech/data/SEC/batch_0001/004/BFB_0000014693_10K_20190430_Item1A_excerpt.txt
49071|HUM|Humana Inc|20190221|NYSE|6324|/home/koshy/Desktop/Capstone/fintech/data/SEC/batch_0001/004/HUM_0000049071_10K_20181231_Item1A_excerpt.txt
798354|FISV|Fiserv Inc|20190221|NASDAQ|7374|/home/koshy/Desktop/Capstone/fintech/data/SEC/batch_0001/004/FISV_0000798354_10K_20181231_Item1A_excerpt.txt
701985|LB|L Brands Inc|20190322|NYSE|5621|/home/koshy/Desktop/Capstone/fintech/data/SEC/batch_0001/004/LB_0000701985_10K_20190202_Item1A_excerpt.txt
64040|SPGI|Mcgraw Hill Financial Inc|20190213||7320|/home/koshy/Desktop/Capstone/fintech/data/SEC/batch_0001/004/SPGI_0000064040_10K_20181231_Item1A_excerpt.txt
1000228|HSIC|Henry Schein Inc|20190220|NASDAQ|5047|/home/koshy/Desktop/Capstone/fintech/data/SEC/batch_0001/004/HSIC_0001000228_10K_20181229_Item1A_excerpt.txt
28412|CMA|Comerica Inc|20190212|NYSE|6021|/home/koshy/Desktop/Capstone/fintech/data/SEC/batch_0001/004/CMA_0000028412_10K_20181231_Item1A_excerpt.txt
74208|UDR|Udr Inc|20190219|NYSE|6798|/home/koshy/Desktop/Capstone/fintech/data/SEC/batch_0001/004/UDR_0000074208_10K_20181231_Item1A_excerpt.txt
37785|FMC|FMC Corp|20190228|NYSE|2800|/home/koshy/Desktop/Capstone/fintech/data/SEC/batch_0001/004/FMC_0000037785_10K_20181231_Item1A_excerpt.txt
73309|NUE|Nucor Corp|20190228|NYSE|3312|/home/koshy/Desktop/Capstone/fintech/data/SEC/batch_0001/004/NUE_0000073309_10K_20181231_Item1A_excerpt.txt
37634|NEE|FLORIDA POWER & LIGHT CO|20190215|None|None|/home/koshy/Desktop/Capstone/fintech/data/SEC/batch_0001/004/NEE_0000037634_10K_20181231_Item1A_excerpt.txt
766704|HCN|Health Care REIT Inc|20190225|NYSE|6798|/home/koshy/Desktop/Capstone/fintech/data/SEC/batch_0001/004/HCN_0000766704_10K_20181231_Item1A_excerpt.txt
718877|ATVI|Activision Blizzard Inc|20190228|NASDAQ|7372|/home/koshy/Desktop/Capstone/fintech/data/SEC/batch_0001/004/ATVI_0000718877_10K_20181231_Item1A_excerpt.txt
1000697|WAT|Waters Corp|20190301|NYSE|3826|/home/koshy/Desktop/Capstone/fintech/data/SEC/batch_0001/004/WAT_0001000697_10KA_20181231_Item1A_excerpt.txt
1000697|WAT|Waters Corp|20190226|NYSE|3826|/home/koshy/Desktop/Capstone/fintech/data/SEC/batch_0001/004/WAT_0001000697_10K_20181231_Item1A_excerpt.txt
1043277|CHRW|C H Robinson Worldwide Inc|20190225|NASDAQ|4731|/home/koshy/Desktop/Capstone/fintech/data/SEC/batch_0001/004/CHRW_0001043277_10K_20181231_Item1A_excerpt.txt
106640|WHR|Whirlpool Corp|20190212|NYSE|3630|/home/koshy/Desktop/Capstone/fintech/data/SEC/batch_0001/004/WHR_0000106640_10K_20181231_Item1A_excerpt.txt
73124|NTRS|Northern Trust Corp|20190226|NASDAQ|6022|/home/koshy/Desktop/Capstone/fintech/data/SEC/batch_0001/004/NTRS_0000073124_10K_20181231_Item1A_excerpt.txt
1065088|EBAY|Ebay Inc|20190130|NASDAQ|7389|/home/koshy/Desktop/Capstone/fintech/data/SEC/batch_0001/004/EBAY_0001065088_10K_20181231_Item1A_excerpt.txt
1413329|PM|Philip Morris International Inc|20190207|NYSE|2111|/home/koshy/Desktop/Capstone/fintech/data/SEC/batch_0001/004/PM_0001413329_10K_20181231_Item1A_excerpt.txt
927628|COF|Capital One Financial Corp|20190220|NYSE|6021|/home/koshy/Desktop/Capstone/fintech/data/SEC/batch_0001/004/COF_0000927628_10K_20181231_Item1A_excerpt.txt
1163165|COP|Conocophillips|20190219|NYSE|2911|/home/koshy/Desktop/Capstone/fintech/data/SEC/batch_0001/004/COP_0001163165_10K_20181231_Item1A_excerpt.txt
866787|AZO|Autozone Inc|20191028|NYSE|5531|/home/koshy/Desktop/Capstone/fintech/data/SEC/batch_0001/004/AZO_0000866787_10K_20190831_Item1A_excerpt.txt
91440|SNA|Snap-on Inc|20190214|NYSE|3420|/home/koshy/Desktop/Capstone/fintech/data/SEC/batch_0001/004/SNA_0000091440_10K_20181229_Item1A_excerpt.txt
851968|MHK|Mohawk Industries Inc|20190228|NYSE|2273|/home/koshy/Desktop/Capstone/fintech/data/SEC/batch_0001/004/MHK_0000851968_10K_20181231_Item1A_excerpt.txt
103682|D|Virginia Electric & Power Co|20190228||4911|/home/koshy/Desktop/Capstone/fintech/data/SEC/batch_0001/004/D_0000103682_10K_20181231_Item1A_excerpt.txt
1156375|CME|Cme Group Inc|20190228|NASDAQ|6200|/home/koshy/Desktop/Capstone/fintech/data/SEC/batch_0001/004/CME_0001156375_10K_20181231_Item1A_excerpt.txt
1065696|LKQ|LKQ Corp|20190301|NASDAQ|5010|/home/koshy/Desktop/Capstone/fintech/data/SEC/batch_0001/004/LKQ_0001065696_10K_20181231_Item1A_excerpt.txt
1113169|TROW|Price T Rowe Group Inc|20190213|NASDAQ|6200|/home/koshy/Desktop/Capstone/fintech/data/SEC/batch_0001/004/TROW_0001113169_10K_20181231_Item1A_excerpt.txt
97745|TMO|Thermo Fisher Scientific Inc|20190227|NYSE|3829|/home/koshy/Desktop/Capstone/fintech/data/SEC/batch_0001/004/TMO_0000097745_10K_20181231_Item1A_excerpt.txt
1116132|COH|Coach Inc|20190815|NYSE|3100|/home/koshy/Desktop/Capstone/fintech/data/SEC/batch_0001/004/COH_0001116132_10K_20190629_Item1A_excerpt.txt
101829|UTX|United Technologies Corp|20190207|NYSE|3724|/home/koshy/Desktop/Capstone/fintech/data/SEC/batch_0001/004/UTX_0000101829_10K_20181231_Item1A_excerpt.txt
14272|BMY|Bristol Myers Squibb Co|20190225|NYSE|2834|/home/koshy/Desktop/Capstone/fintech/data/SEC/batch_0001/004/BMY_0000014272_10K_20181231_Item1A_excerpt.txt
36104|USB|US Bancorp|20190222|NYSE|6021|/home/koshy/Desktop/Capstone/fintech/data/SEC/batch_0001/004/USB_0000036104_10K_20181231_Item1A_excerpt.txt
93556|SWK|Stanley Black & Decker Inc|20190226|NYSE|3420|/home/koshy/Desktop/Capstone/fintech/data/SEC/batch_0001/004/SWK_0000093556_10K_20181229_Item1A_excerpt.txt
1140859|ABC|Amerisourcebergen Corp|20191119|NYSE|5122|/home/koshy/Desktop/Capstone/fintech/data/SEC/batch_0001/004/ABC_0001140859_10K_20190930_Item1A_excerpt.txt
820313|APH|Amphenol Corp|20190213|NYSE|3678|/home/koshy/Desktop/Capstone/fintech/data/SEC/batch_0001/004/APH_0000820313_10K_20181231_Item1A_excerpt.txt
884887|RCL|Royal Caribbean Cruises LTD|20190222|NYSE|4400|/home/koshy/Desktop/Capstone/fintech/data/SEC/batch_0001/004/RCL_0000884887_10K_20181231_Item1A_excerpt.txt
927066|DVA|Davita Healthcare Partners Inc|20190222|NYSE|8090|/home/koshy/Desktop/Capstone/fintech/data/SEC/batch_0001/004/DVA_0000927066_10K_20181231_Item1A_excerpt.txt
92380|LUV|Southwest Airlines Co|20190205|NYSE|4512|/home/koshy/Desktop/Capstone/fintech/data/SEC/batch_0001/004/LUV_0000092380_10K_20181231_Item1A_excerpt.txt
1037646|MTD|Mettler Toledo International Inc|20190208|NYSE|3826|/home/koshy/Desktop/Capstone/fintech/data/SEC/batch_0001/004/MTD_0001037646_10K_20181231_Item1A_excerpt.txt
927653|MCK|Mckesson Corp|20190515|NYSE|5122|/home/koshy/Desktop/Capstone/fintech/data/SEC/batch_0001/004/MCK_0000927653_10K_20190331_Item1A_excerpt.txt
750556|STI|Suntrust Banks Inc|20190222|NYSE|6021|/home/koshy/Desktop/Capstone/fintech/data/SEC/batch_0001/004/STI_0000750556_10K_20181231_Item1A_excerpt.txt
85961|R|Ryder System Inc|20190221|NYSE|7510|/home/koshy/Desktop/Capstone/fintech/data/SEC/batch_0001/004/R_0000085961_10K_20181231_Item1A_excerpt.txt
912615|URBN|Urban Outfitters Inc|20190401|NASDAQ|5651|/home/koshy/Desktop/Capstone/fintech/data/SEC/batch_0001/004/URBN_0000912615_10K_20190131_Item1A_excerpt.txt
70858|BAC|Bank Of America Corp|20190226|NYSE|6021|/home/koshy/Desktop/Capstone/fintech/data/SEC/batch_0001/004/BAC_0000070858_10K_20181231_Item1A_excerpt.txt
896159|CB|Ace LTD|20190228|NYSE|6331|/home/koshy/Desktop/Capstone/fintech/data/SEC/batch_0001/004/CB_0000896159_10K_20181231_Item1A_excerpt.txt
740260|VTR|Ventas Inc|20190208|NYSE|6798|/home/koshy/Desktop/Capstone/fintech/data/SEC/batch_0001/004/VTR_0000740260_10K_20181231_Item1A_excerpt.txt
1090872|A|Agilent Technologies Inc|20191219|NYSE|3825|/home/koshy/Desktop/Capstone/fintech/data/SEC/batch_0001/004/A_0001090872_10K_20191031_Item1A_excerpt.txt
10795|BDX|Becton Dickinson & Co|20191127|NYSE|3841|/home/koshy/Desktop/Capstone/fintech/data/SEC/batch_0001/004/BDX_0000010795_10K_20190930_Item1A_excerpt.txt
1126328|PFG|Principal Financial Group Inc|20190213|NYSE|6321|/home/koshy/Desktop/Capstone/fintech/data/SEC/batch_0001/004/PFG_0001126328_10K_20181231_Item1A_excerpt.txt
860730|HCA|Hca Holdings Inc|20190221|NYSE|8062|/home/koshy/Desktop/Capstone/fintech/data/SEC/batch_0001/004/HCA_0000860730_10K_20181231_Item1A_excerpt.txt
1613103|MDT|Medtronic plc|20190621|None|None|/home/koshy/Desktop/Capstone/fintech/data/SEC/batch_0001/004/MDT_0001613103_10K_20190426_Item1A_excerpt.txt
52485|LNT|INTERSTATE POWER & LIGHT CO|20190222|None|None|/home/koshy/Desktop/Capstone/fintech/data/SEC/batch_0001/004/LNT_0000052485_10K_20181231_Item1A_excerpt.txt
908255|BWA|Borgwarner Inc|20190219|NYSE|3714|/home/koshy/Desktop/Capstone/fintech/data/SEC/batch_0001/004/BWA_0000908255_10K_20181231_Item1A_excerpt.txt
1040971|SLG|SL Green Realty Corp|20190227|NYSE|6798|/home/koshy/Desktop/Capstone/fintech/data/SEC/batch_0001/004/SLG_0001040971_10K_20181231_Item1A_excerpt.txt
62996|MAS|Masco Corp|20190207|NYSE|2430|/home/koshy/Desktop/Capstone/fintech/data/SEC/batch_0001/004/MAS_0000062996_10K_20181231_Item1A_excerpt.txt
713676|PNC|PNC Financial Services Group Inc|20190301|NYSE|6021|/home/koshy/Desktop/Capstone/fintech/data/SEC/batch_0001/004/PNC_0000713676_10K_20181231_Item1A_excerpt.txt
277135|GWW|Grainger W W Inc|20190228|NYSE|5000|/home/koshy/Desktop/Capstone/fintech/data/SEC/batch_0001/004/GWW_0000277135_10K_20181231_Item1A_excerpt.txt
103379|VFC|V F Corp|20190524|NYSE|2320|/home/koshy/Desktop/Capstone/fintech/data/SEC/batch_0001/004/VFC_0000103379_10K_20190330_Item1A_excerpt.txt
98246|TIF|Tiffany & Co|20190322|NYSE|5944|/home/koshy/Desktop/Capstone/fintech/data/SEC/batch_0001/004/TIF_0000098246_10K_20190131_Item1A_excerpt.txt
1571949|ICE|Intercontinentalexchange Group Inc|20190207|NYSE|6200|/home/koshy/Desktop/Capstone/fintech/data/SEC/batch_0001/004/ICE_0001571949_10K_20181231_Item1A_excerpt.txt
1579241|ALLE|Allegion PLC|20190219|NYSE|7381|/home/koshy/Desktop/Capstone/fintech/data/SEC/batch_0001/004/ALLE_0001579241_10K_20181231_Item1A_excerpt.txt
58492|LEG|Leggett & Platt Inc|20190227|NYSE|2510|/home/koshy/Desktop/Capstone/fintech/data/SEC/batch_0001/004/LEG_0000058492_10K_20181231_Item1A_excerpt.txt
315213|RHI|Half Robert International Inc|20190215|NYSE|7363|/home/koshy/Desktop/Capstone/fintech/data/SEC/batch_0001/004/RHI_0000315213_10K_20181231_Item1A_excerpt.txt
29905|DOV|Dover Corp|20190215|NYSE|3530|/home/koshy/Desktop/Capstone/fintech/data/SEC/batch_0001/004/DOV_0000029905_10K_20181231_Item1A_excerpt.txt
1136893|FIS|Fidelity National Information Services Inc|20190221|NYSE|7389|/home/koshy/Desktop/Capstone/fintech/data/SEC/batch_0001/004/FIS_0001136893_10K_20181231_Item1A_excerpt.txt
1090727|UPS|United Parcel Service Inc|20190221|NYSE|4210|/home/koshy/Desktop/Capstone/fintech/data/SEC/batch_0001/004/UPS_0001090727_10K_20181231_Item1A_excerpt.txt
26172|CMI|Cummins Inc|20190211|NYSE|3510|/home/koshy/Desktop/Capstone/fintech/data/SEC/batch_0001/004/CMI_0000026172_10K_20181231_Item1A_excerpt.txt
1014473|VRSN|Verisign Inc|20190215|NASDAQ|7371|/home/koshy/Desktop/Capstone/fintech/data/SEC/batch_0001/004/VRSN_0001014473_10K_20181231_Item1A_excerpt.txt
1393612|DFS|Discover Financial Services|20190220|NYSE|6141|/home/koshy/Desktop/Capstone/fintech/data/SEC/batch_0001/004/DFS_0001393612_10K_20181231_Item1A_excerpt.txt
1047122|RTN|Raytheon Co|20190213|NYSE|3812|/home/koshy/Desktop/Capstone/fintech/data/SEC/batch_0001/004/RTN_0001047122_10K_20181231_Item1A_excerpt.txt
31462|ECL|Ecolab Inc|20190301|NYSE|2840|/home/koshy/Desktop/Capstone/fintech/data/SEC/batch_0001/004/ECL_0000031462_10K_20181231_Item1A_excerpt.txt
726728|O|Realty Income Corp|20190301|NYSE|6798|/home/koshy/Desktop/Capstone/fintech/data/SEC/batch_0001/004/O_0000726728_10KA_20181231_Item1A_excerpt.txt
726728|O|Realty Income Corp|20190222|NYSE|6798|/home/koshy/Desktop/Capstone/fintech/data/SEC/batch_0001/004/O_0000726728_10K_20181231_Item1A_excerpt.txt
72971|WFC|Wells Fargo & Company|20190227|NYSE|6021|/home/koshy/Desktop/Capstone/fintech/data/SEC/batch_0001/004/WFC_0000072971_10K_20181231_Item1A_excerpt.txt
793952|HOG|Harley Davidson Inc|20190228|NYSE|3751|/home/koshy/Desktop/Capstone/fintech/data/SEC/batch_0001/004/HOG_0000793952_10K_20181231_Item1A_excerpt.txt
91576|KEY|Keycorp|20190225|NYSE|6021|/home/koshy/Desktop/Capstone/fintech/data/SEC/batch_0001/004/KEY_0000091576_10K_20181231_Item1A_excerpt.txt
702165|NSC|Norfolk Southern Corp|20190208|NYSE|4011|/home/koshy/Desktop/Capstone/fintech/data/SEC/batch_0001/004/NSC_0000702165_10K_20181231_Item1A_excerpt.txt
93751|STT|State Street Corp|20190221|NYSE|6022|/home/koshy/Desktop/Capstone/fintech/data/SEC/batch_0001/004/STT_0000093751_10K_20181231_Item1A_excerpt.txt
